Issue ID,First Observed,Last Observed,CVE,Vulnerability,domain,Certificate Common Name,ipAddress,ipAddresses,hostname,port,email,productName,productVersion,Domain,IP Address,Port,Last Observed Open,banner,Data,source,url,explanation,vulnerabilityDescription,vulnerabilityPublishDate,Last Observed
2ea0a5c0-684a-588b-8dab-1e366d5795eb,,,,CVE-2014-3669,,,,,,,,,,,128.122.120.72,443,2020-01-12T01:56:40.000Z,,,,,,"Integer overflow in the object_custom function in ext/standard/var_unserializer.c in PHP before 5.4.34, 5.5.x before 5.5.18, and 5.6.x before 5.6.2 allows remote attackers to cause a denial of service (application crash) or possibly execute arbitrary code via an argument to the unserialize function that triggers calculation of a large length value.",2014-10-29T04:00:00.000Z,
9e1f9f67-6856-5cc1-8a39-a4580fb244eb,,,,CVE-2014-3515,,,,,,,,,,,128.122.120.72,443,2020-01-12T01:56:40.000Z,,,,,,"The SPL component in PHP before 5.4.30 and 5.5.x before 5.5.14 incorrectly anticipates that certain data structures will have the array data type after unserialization, which allows remote attackers to execute arbitrary code via a crafted string that triggers use of a Hashtable destructor, related to ""type confusion"" issues in (1) ArrayObject and (2) SPLObjectStorage.",2014-07-09T04:00:00.000Z,
a84d48ce-4818-5336-9076-97d94d0cd028,,,,CVE-2014-9427,,,,,,,,,,,128.122.120.72,443,2020-01-12T01:56:40.000Z,,,,,,"sapi/cgi/cgi_main.c in the CGI component in PHP through 5.4.36, 5.5.x through 5.5.20, and 5.6.x through 5.6.4, when mmap is used to read a .php file, does not properly consider the mapping's length during processing of an invalid file that begins with a # character and lacks a newline character, which causes an out-of-bounds read and might (1) allow remote attackers to obtain sensitive information from php-cgi process memory by leveraging the ability to upload a .php file or (2) trigger unexpected code execution if a valid PHP script is present in memory locations adjacent to the mapping.",2015-01-02T05:00:00.000Z,
308c17fe-72ae-529f-affd-22fad6abae4b,,,,CVE-2014-9705,,,,,,,,,,,216.165.26.240,443,2020-01-11T19:13:30.000Z,,,,,,"Heap-based buffer overflow in the enchant_broker_request_dict function in ext/enchant/enchant.c in PHP before 5.4.38, 5.5.x before 5.5.22, and 5.6.x before 5.6.6 allows remote attackers to execute arbitrary code via vectors that trigger creation of multiple dictionaries.",2015-03-30T04:00:00.000Z,
34c30b38-ad86-59ad-b52b-449a1aed7dd3,,,,CVE-2015-4022,,,,,,,,,,,216.165.26.240,443,2020-01-11T19:13:30.000Z,,,,,,"Integer overflow in the ftp_genlist function in ext/ftp/ftp.c in PHP before 5.4.41, 5.5.x before 5.5.25, and 5.6.x before 5.6.9 allows remote FTP servers to execute arbitrary code via a long reply to a LIST command, leading to a heap-based buffer overflow.",2015-06-09T04:00:00.000Z,
48e6abbd-f98a-5fad-9586-a19105f7d754,,,,CVE-2015-2331,,,,,,,,,,,216.165.26.240,443,2020-01-11T19:13:30.000Z,,,,,,"Integer overflow in the _zip_cdir_new function in zip_dirent.c in libzip 0.11.2 and earlier, as used in the ZIP extension in PHP before 5.4.39, 5.5.x before 5.5.23, and 5.6.x before 5.6.7 and other products, allows remote attackers to cause a denial of service (application crash) or possibly execute arbitrary code via a ZIP archive that contains many entries, leading to a heap-based buffer overflow.",2015-03-30T04:00:00.000Z,
743d7122-e82c-5a33-ab27-85158fbc75cd,,,,CVE-2015-4025,,,,,,,,,,,216.165.26.240,443,2020-01-11T19:13:30.000Z,,,,,,"PHP before 5.4.41, 5.5.x before 5.5.25, and 5.6.x before 5.6.9 truncates a pathname upon encountering a \x00 character in certain situations, which allows remote attackers to bypass intended extension restrictions and access files or directories with unexpected names via a crafted argument to (1) set_include_path, (2) tempnam, (3) rmdir, or (4) readlink. NOTE: this vulnerability exists because of an incomplete fix for CVE-2006-7243.",2015-06-09T04:00:00.000Z,
95d268ed-c2a4-5030-a806-34d96ca0c41e,,,,CVE-2015-2301,,,,,,,,,,,216.165.26.240,443,2020-01-11T19:13:30.000Z,,,,,,Use-after-free vulnerability in the phar_rename_archive function in phar_object.c in PHP before 5.5.22 and 5.6.x before 5.6.6 allows remote attackers to cause a denial of service or possibly have unspecified other impact via vectors that trigger an attempted renaming of a Phar archive to the name of an existing file.,2015-03-30T04:00:00.000Z,
d7cc6702-b684-5961-a10a-49288fd5761f,,,,CVE-2015-3329,,,,,,,,,,,216.165.26.240,443,2020-01-11T19:13:30.000Z,,,,,,"Multiple stack-based buffer overflows in the phar_set_inode function in phar_internal.h in PHP before 5.4.40, 5.5.x before 5.5.24, and 5.6.x before 5.6.8 allow remote attackers to execute arbitrary code via a crafted length value in a (1) tar, (2) phar, or (3) ZIP archive.",2015-06-09T04:00:00.000Z,
f63ddc37-0add-5ae9-ab9f-7fddcf6a9e88,,,,CVE-2015-4026,,,,,,,,,,,216.165.26.240,443,2020-01-11T19:13:30.000Z,,,,,,"The pcntl_exec implementation in PHP before 5.4.41, 5.5.x before 5.5.25, and 5.6.x before 5.6.9 truncates a pathname upon encountering a \x00 character, which might allow remote attackers to bypass intended extension restrictions and execute files with unexpected names via a crafted first argument. NOTE: this vulnerability exists because of an incomplete fix for CVE-2006-7243.",2015-06-09T04:00:00.000Z,
f83f52ca-aaab-5e78-821c-36ed32e502ed,,,,CVE-2015-3307,,,,,,,,,,,216.165.26.240,443,2020-01-11T19:13:30.000Z,,,,,,"The phar_parse_metadata function in ext/phar/phar.c in PHP before 5.4.40, 5.5.x before 5.5.24, and 5.6.x before 5.6.8 allows remote attackers to cause a denial of service (heap metadata corruption) or possibly have unspecified other impact via a crafted tar archive.",2015-06-09T04:00:00.000Z,
21f81463-61d5-54f6-b93e-ad56976c2612,,,,CVE-2014-3515,,,,,,,,,,,128.122.49.17,443,2020-01-11T17:57:03.000Z,,,,,,"The SPL component in PHP before 5.4.30 and 5.5.x before 5.5.14 incorrectly anticipates that certain data structures will have the array data type after unserialization, which allows remote attackers to execute arbitrary code via a crafted string that triggers use of a Hashtable destructor, related to ""type confusion"" issues in (1) ArrayObject and (2) SPLObjectStorage.",2014-07-09T04:00:00.000Z,
42131d86-6797-51d8-a97a-26c99548dd57,,,,CVE-2014-9427,,,,,,,,,,,128.122.49.17,443,2020-01-11T17:57:03.000Z,,,,,,"sapi/cgi/cgi_main.c in the CGI component in PHP through 5.4.36, 5.5.x through 5.5.20, and 5.6.x through 5.6.4, when mmap is used to read a .php file, does not properly consider the mapping's length during processing of an invalid file that begins with a # character and lacks a newline character, which causes an out-of-bounds read and might (1) allow remote attackers to obtain sensitive information from php-cgi process memory by leveraging the ability to upload a .php file or (2) trigger unexpected code execution if a valid PHP script is present in memory locations adjacent to the mapping.",2015-01-02T05:00:00.000Z,
54ec4f56-cbad-51b9-aab1-6bbd2cdb55a5,,,,CVE-2014-3669,,,,,,,,,,,128.122.49.17,443,2020-01-11T17:57:03.000Z,,,,,,"Integer overflow in the object_custom function in ext/standard/var_unserializer.c in PHP before 5.4.34, 5.5.x before 5.5.18, and 5.6.x before 5.6.2 allows remote attackers to cause a denial of service (application crash) or possibly execute arbitrary code via an argument to the unserialize function that triggers calculation of a large length value.",2014-10-29T04:00:00.000Z,
88c7a855-eabb-538b-996a-3d0aee9e1903,,,,CVE-2014-3669,,,,,,,,,,,216.165.26.109,80,2020-01-08T04:14:05.000Z,,,,,,"Integer overflow in the object_custom function in ext/standard/var_unserializer.c in PHP before 5.4.34, 5.5.x before 5.5.18, and 5.6.x before 5.6.2 allows remote attackers to cause a denial of service (application crash) or possibly execute arbitrary code via an argument to the unserialize function that triggers calculation of a large length value.",2014-10-29T04:00:00.000Z,
e3e7302f-d654-52c2-98c6-f643fc05fcf5,,,,CVE-2014-9427,,,,,,,,,,,216.165.26.109,80,2020-01-08T04:14:05.000Z,,,,,,"sapi/cgi/cgi_main.c in the CGI component in PHP through 5.4.36, 5.5.x through 5.5.20, and 5.6.x through 5.6.4, when mmap is used to read a .php file, does not properly consider the mapping's length during processing of an invalid file that begins with a # character and lacks a newline character, which causes an out-of-bounds read and might (1) allow remote attackers to obtain sensitive information from php-cgi process memory by leveraging the ability to upload a .php file or (2) trigger unexpected code execution if a valid PHP script is present in memory locations adjacent to the mapping.",2015-01-02T05:00:00.000Z,
ee1eebb6-ebf7-5617-8939-0e9aaab78a0a,,,,CVE-2014-3515,,,,,,,,,,,216.165.26.109,80,2020-01-08T04:14:05.000Z,,,,,,"The SPL component in PHP before 5.4.30 and 5.5.x before 5.5.14 incorrectly anticipates that certain data structures will have the array data type after unserialization, which allows remote attackers to execute arbitrary code via a crafted string that triggers use of a Hashtable destructor, related to ""type confusion"" issues in (1) ArrayObject and (2) SPLObjectStorage.",2014-07-09T04:00:00.000Z,
a1f80084-8818-537a-a459-67ded5e25150,,,,CVE-2015-4022,,,,,,,,,,,216.165.26.240,80,2020-01-07T20:09:30.000Z,,,,,,"Integer overflow in the ftp_genlist function in ext/ftp/ftp.c in PHP before 5.4.41, 5.5.x before 5.5.25, and 5.6.x before 5.6.9 allows remote FTP servers to execute arbitrary code via a long reply to a LIST command, leading to a heap-based buffer overflow.",2015-06-09T04:00:00.000Z,
bd5f9e94-0a87-5e13-8834-726e5110b9f3,,,,CVE-2015-4025,,,,,,,,,,,216.165.26.240,80,2020-01-07T20:09:30.000Z,,,,,,"PHP before 5.4.41, 5.5.x before 5.5.25, and 5.6.x before 5.6.9 truncates a pathname upon encountering a \x00 character in certain situations, which allows remote attackers to bypass intended extension restrictions and access files or directories with unexpected names via a crafted argument to (1) set_include_path, (2) tempnam, (3) rmdir, or (4) readlink. NOTE: this vulnerability exists because of an incomplete fix for CVE-2006-7243.",2015-06-09T04:00:00.000Z,
ca77302a-97a4-598c-b9bc-045237184f12,,,,CVE-2015-2331,,,,,,,,,,,216.165.26.240,80,2020-01-07T20:09:30.000Z,,,,,,"Integer overflow in the _zip_cdir_new function in zip_dirent.c in libzip 0.11.2 and earlier, as used in the ZIP extension in PHP before 5.4.39, 5.5.x before 5.5.23, and 5.6.x before 5.6.7 and other products, allows remote attackers to cause a denial of service (application crash) or possibly execute arbitrary code via a ZIP archive that contains many entries, leading to a heap-based buffer overflow.",2015-03-30T04:00:00.000Z,
7ff9037e-002a-57a3-9653-d97e96498a31,,,,CVE-2014-9427,,,,,,,,,,,128.122.49.20,80,2020-01-07T09:49:45.000Z,,,,,,"sapi/cgi/cgi_main.c in the CGI component in PHP through 5.4.36, 5.5.x through 5.5.20, and 5.6.x through 5.6.4, when mmap is used to read a .php file, does not properly consider the mapping's length during processing of an invalid file that begins with a # character and lacks a newline character, which causes an out-of-bounds read and might (1) allow remote attackers to obtain sensitive information from php-cgi process memory by leveraging the ability to upload a .php file or (2) trigger unexpected code execution if a valid PHP script is present in memory locations adjacent to the mapping.",2015-01-02T05:00:00.000Z,
e5114942-7afa-59f0-a1f3-0810435662ec,,,,CVE-2014-3515,,,,,,,,,,,128.122.49.20,80,2020-01-07T09:49:45.000Z,,,,,,"The SPL component in PHP before 5.4.30 and 5.5.x before 5.5.14 incorrectly anticipates that certain data structures will have the array data type after unserialization, which allows remote attackers to execute arbitrary code via a crafted string that triggers use of a Hashtable destructor, related to ""type confusion"" issues in (1) ArrayObject and (2) SPLObjectStorage.",2014-07-09T04:00:00.000Z,
e5e99ad8-f467-5552-8f6a-0ddbf34ddc37,,,,CVE-2014-3669,,,,,,,,,,,128.122.49.20,80,2020-01-07T09:49:45.000Z,,,,,,"Integer overflow in the object_custom function in ext/standard/var_unserializer.c in PHP before 5.4.34, 5.5.x before 5.5.18, and 5.6.x before 5.6.2 allows remote attackers to cause a denial of service (application crash) or possibly execute arbitrary code via an argument to the unserialize function that triggers calculation of a large length value.",2014-10-29T04:00:00.000Z,
68695bb7-6b84-5fd8-a471-c0174fa83b11,,,,CVE-2015-5722,,,,,,,,,,,128.238.32.22,53,2020-01-06T09:20:54.000Z,,,,,,buffer.c in named in ISC BIND 9.x before 9.9.7-P3 and 9.10.x before 9.10.2-P4 allows remote attackers to cause a denial of service (assertion failure and daemon exit) by creating a zone containing a malformed DNSSEC key and issuing a query for a name in that zone.,2015-09-04T04:00:00.000Z,
6bdc01a4-b9ac-528b-9ce1-b099a4a2f2a9,,,,CVE-2014-8500,,,,,,,,,,,128.238.32.22,53,2020-01-06T09:20:54.000Z,,,,,,"ISC BIND 9.0.x through 9.8.x, 9.9.0 through 9.9.6, and 9.10.0 through 9.10.1 does not limit delegation chaining, which allows remote attackers to cause a denial of service (memory consumption and named crash) via a large or infinite number of referrals.",2014-10-12T04:00:00.000Z,
74a3db10-16ac-566c-b5d4-95e79e31a2c6,,,,CVE-2016-2776,,,,,,,,,,,128.238.32.22,53,2020-01-06T09:20:54.000Z,,,,,,"buffer.c in named in ISC BIND 9 before 9.9.9-P3, 9.10.x before 9.10.4-P3, and 9.11.x before 9.11.0rc3 does not properly construct responses, which allows remote attackers to cause a denial of service (assertion failure and daemon exit) via a crafted query.",2016-09-28T04:00:00.000Z,
decaa24d-4b66-5d17-b6b2-ecd72182867e,,,,CVE-2015-5477,,,,,,,,,,,128.238.32.22,53,2020-01-06T09:20:54.000Z,,,,,,named in ISC BIND 9.x before 9.9.7-P2 and 9.10.x before 9.10.2-P3 allows remote attackers to cause a denial of service (REQUIRE assertion failure and daemon exit) via TKEY queries.,2015-07-29T04:00:00.000Z,
f33ef35d-dff5-53d4-970c-a879b242cbd6,,,,CVE-2016-10012,,,,,,,,,,,128.122.250.36,22,2020-01-05T04:24:57.000Z,,,,,,"The shared memory manager (associated with pre-authentication compression) in sshd in OpenSSH before 7.4 does not ensure that a bounds check is enforced by all compilers, which might allows local users to gain privileges by leveraging access to a sandboxed privilege-separation process, related to the m_zback and m_zlib data structures.",2017-01-04T05:00:00.000Z,
f6228a02-a326-59fd-bff0-7965c068e40d,,,,CVE-2016-10009,,,,,,,,,,,128.122.250.36,22,2020-01-05T04:24:57.000Z,,,,,,Untrusted search path vulnerability in ssh-agent.c in ssh-agent in OpenSSH before 7.4 allows remote attackers to execute arbitrary local PKCS#11 modules by leveraging control over a forwarded agent-socket.,2017-01-04T05:00:00.000Z,
f7269606-6c89-5ac4-ae23-bb1af4875e6b,,,,CVE-2016-6515,,,,,,,,,,,128.122.141.21,22,2020-01-04T19:11:36.000Z,,,,,,"The auth_password function in auth-passwd.c in sshd in OpenSSH before 7.3 does not limit password lengths for password authentication, which allows remote attackers to cause a denial of service (crypt CPU consumption) via a long string.",2016-08-07T04:00:00.000Z,
51e81ec4-b827-5316-844d-55f04d3b11be,,,,CVE-2009-4565,,,,,,,,,,,216.165.85.201,465,2019-12-19T16:20:00.000Z,,,,,,"sendmail before 8.14.4 does not properly handle a '\0' character in a Common Name (CN) field of an X.509 certificate, which (1) allows man-in-the-middle attackers to spoof arbitrary SSL-based SMTP servers via a crafted server certificate issued by a legitimate Certification Authority, and (2) allows remote attackers to bypass intended access restrictions via a crafted client certificate issued by a legitimate Certification Authority, a related issue to CVE-2009-2408.",2010-01-04T05:00:00.000Z,
03a64b4b-cd6c-5e22-b572-7a459bd3fd41,,,,CVE-2014-3669,,,,,,,,,,,128.122.4.48,443,2019-12-19T09:56:11.000Z,,,,,,"Integer overflow in the object_custom function in ext/standard/var_unserializer.c in PHP before 5.4.34, 5.5.x before 5.5.18, and 5.6.x before 5.6.2 allows remote attackers to cause a denial of service (application crash) or possibly execute arbitrary code via an argument to the unserialize function that triggers calculation of a large length value.",2014-10-29T04:00:00.000Z,
92eb407b-02dd-5a6a-9bff-2b6aeda0c102,,,,CVE-2014-9427,,,,,,,,,,,128.122.4.48,443,2019-12-19T09:56:11.000Z,,,,,,"sapi/cgi/cgi_main.c in the CGI component in PHP through 5.4.36, 5.5.x through 5.5.20, and 5.6.x through 5.6.4, when mmap is used to read a .php file, does not properly consider the mapping's length during processing of an invalid file that begins with a # character and lacks a newline character, which causes an out-of-bounds read and might (1) allow remote attackers to obtain sensitive information from php-cgi process memory by leveraging the ability to upload a .php file or (2) trigger unexpected code execution if a valid PHP script is present in memory locations adjacent to the mapping.",2015-01-02T05:00:00.000Z,
fc640ff2-41eb-5ba5-b1f7-2566956c4946,,,,CVE-2014-3515,,,,,,,,,,,128.122.4.48,443,2019-12-19T09:56:11.000Z,,,,,,"The SPL component in PHP before 5.4.30 and 5.5.x before 5.5.14 incorrectly anticipates that certain data structures will have the array data type after unserialization, which allows remote attackers to execute arbitrary code via a crafted string that triggers use of a Hashtable destructor, related to ""type confusion"" issues in (1) ArrayObject and (2) SPLObjectStorage.",2014-07-09T04:00:00.000Z,
61988f19-3584-53a7-ada5-bb4e94af0e76,,,,CVE-2014-9427,,,,,,,,,,,128.122.128.25,443,2019-12-19T09:55:52.000Z,,,,,,"sapi/cgi/cgi_main.c in the CGI component in PHP through 5.4.36, 5.5.x through 5.5.20, and 5.6.x through 5.6.4, when mmap is used to read a .php file, does not properly consider the mapping's length during processing of an invalid file that begins with a # character and lacks a newline character, which causes an out-of-bounds read and might (1) allow remote attackers to obtain sensitive information from php-cgi process memory by leveraging the ability to upload a .php file or (2) trigger unexpected code execution if a valid PHP script is present in memory locations adjacent to the mapping.",2015-01-02T05:00:00.000Z,
000bd397-3baf-59c4-a088-c8d9a847dfbb,,,,CVE-2014-9427,,,,,,,,,,,128.238.66.31,443,2019-12-19T05:29:34.000Z,,,,,,"sapi/cgi/cgi_main.c in the CGI component in PHP through 5.4.36, 5.5.x through 5.5.20, and 5.6.x through 5.6.4, when mmap is used to read a .php file, does not properly consider the mapping's length during processing of an invalid file that begins with a # character and lacks a newline character, which causes an out-of-bounds read and might (1) allow remote attackers to obtain sensitive information from php-cgi process memory by leveraging the ability to upload a .php file or (2) trigger unexpected code execution if a valid PHP script is present in memory locations adjacent to the mapping.",2015-01-02T05:00:00.000Z,
3bd201f3-18a4-5dd6-9346-2e8781795833,,,,CVE-2011-3268,,,,,,,,,,,128.238.66.31,443,2019-12-19T05:29:34.000Z,,,,,,"Buffer overflow in the crypt function in PHP before 5.3.7 allows context-dependent attackers to have an unspecified impact via a long salt argument, a different vulnerability than CVE-2011-2483.",2011-08-25T04:00:00.000Z,
43899fbe-06d1-56a2-bc9e-61d4f00c69f3,,,,CVE-2014-9427,,,,,,,,,,,128.122.49.75,443,2019-12-18T05:48:24.000Z,,,,,,"sapi/cgi/cgi_main.c in the CGI component in PHP through 5.4.36, 5.5.x through 5.5.20, and 5.6.x through 5.6.4, when mmap is used to read a .php file, does not properly consider the mapping's length during processing of an invalid file that begins with a # character and lacks a newline character, which causes an out-of-bounds read and might (1) allow remote attackers to obtain sensitive information from php-cgi process memory by leveraging the ability to upload a .php file or (2) trigger unexpected code execution if a valid PHP script is present in memory locations adjacent to the mapping.",2015-01-02T05:00:00.000Z,
c6dd906b-2f46-57f5-b882-de2b7f2a47af,,,,CVE-2014-3669,,,,,,,,,,,128.122.49.75,443,2019-12-18T05:48:24.000Z,,,,,,"Integer overflow in the object_custom function in ext/standard/var_unserializer.c in PHP before 5.4.34, 5.5.x before 5.5.18, and 5.6.x before 5.6.2 allows remote attackers to cause a denial of service (application crash) or possibly execute arbitrary code via an argument to the unserialize function that triggers calculation of a large length value.",2014-10-29T04:00:00.000Z,
cf0eb902-75f2-5829-8a21-ff6d29341008,,,,CVE-2014-3515,,,,,,,,,,,128.122.49.75,443,2019-12-18T05:48:24.000Z,,,,,,"The SPL component in PHP before 5.4.30 and 5.5.x before 5.5.14 incorrectly anticipates that certain data structures will have the array data type after unserialization, which allows remote attackers to execute arbitrary code via a crafted string that triggers use of a Hashtable destructor, related to ""type confusion"" issues in (1) ArrayObject and (2) SPLObjectStorage.",2014-07-09T04:00:00.000Z,
aa0ea01a-b175-515f-b09f-6fdc1cbcbffb,,,,CVE-2014-9427,,,,,,,,,,,128.122.130.72,80,2019-12-14T05:08:03.000Z,,,,,,"sapi/cgi/cgi_main.c in the CGI component in PHP through 5.4.36, 5.5.x through 5.5.20, and 5.6.x through 5.6.4, when mmap is used to read a .php file, does not properly consider the mapping's length during processing of an invalid file that begins with a # character and lacks a newline character, which causes an out-of-bounds read and might (1) allow remote attackers to obtain sensitive information from php-cgi process memory by leveraging the ability to upload a .php file or (2) trigger unexpected code execution if a valid PHP script is present in memory locations adjacent to the mapping.",2015-01-02T05:00:00.000Z,
fe8c0c02-db7d-57a6-b6a1-5c4b17ca3a49,,,,CVE-2014-3515,,,,,,,,,,,128.122.130.72,80,2019-12-14T05:08:03.000Z,,,,,,"The SPL component in PHP before 5.4.30 and 5.5.x before 5.5.14 incorrectly anticipates that certain data structures will have the array data type after unserialization, which allows remote attackers to execute arbitrary code via a crafted string that triggers use of a Hashtable destructor, related to ""type confusion"" issues in (1) ArrayObject and (2) SPLObjectStorage.",2014-07-09T04:00:00.000Z,
dad2d341-8da8-5608-9384-2c28939a917c,,,,CVE-2014-3669,,,,,,,,,,,128.122.130.129,80,2019-12-14T05:05:54.000Z,,,,,,"Integer overflow in the object_custom function in ext/standard/var_unserializer.c in PHP before 5.4.34, 5.5.x before 5.5.18, and 5.6.x before 5.6.2 allows remote attackers to cause a denial of service (application crash) or possibly execute arbitrary code via an argument to the unserialize function that triggers calculation of a large length value.",2014-10-29T04:00:00.000Z,
7b9bf5d5-a2b9-5b38-bce2-d0782535db20,,,,CVE-2014-8626,,,,,,,,,,,128.122.35.88,80,2019-12-13T02:51:01.000Z,,,,,,"Stack-based buffer overflow in the date_from_ISO8601 function in ext/xmlrpc/libxmlrpc/xmlrpc.c in PHP before 5.2.7 allows remote attackers to cause a denial of service (application crash) or possibly execute arbitrary code by including a timezone field in a date, leading to improper XML-RPC encoding.",2014-11-22T05:00:00.000Z,
99b65bcf-a996-58c7-9855-4c4af10d15a7,,,,CVE-2011-3268,,,,,,,,,,,128.122.35.88,80,2019-12-13T02:51:01.000Z,,,,,,"Buffer overflow in the crypt function in PHP before 5.3.7 allows context-dependent attackers to have an unspecified impact via a long salt argument, a different vulnerability than CVE-2011-2483.",2011-08-25T04:00:00.000Z,
f93f9e9a-1c7b-5028-ae17-add294fc7b72,,,,CVE-2014-9427,,,,,,,,,,,128.122.35.88,80,2019-12-13T02:51:01.000Z,,,,,,"sapi/cgi/cgi_main.c in the CGI component in PHP through 5.4.36, 5.5.x through 5.5.20, and 5.6.x through 5.6.4, when mmap is used to read a .php file, does not properly consider the mapping's length during processing of an invalid file that begins with a # character and lacks a newline character, which causes an out-of-bounds read and might (1) allow remote attackers to obtain sensitive information from php-cgi process memory by leveraging the ability to upload a .php file or (2) trigger unexpected code execution if a valid PHP script is present in memory locations adjacent to the mapping.",2015-01-02T05:00:00.000Z,
7c41926d-c94b-5da3-ae44-fd9866bf9d11,,,,CVE-2014-9427,,,,,,,,,,,128.122.235.5,80,2019-12-12T04:36:56.000Z,,,,,,"sapi/cgi/cgi_main.c in the CGI component in PHP through 5.4.36, 5.5.x through 5.5.20, and 5.6.x through 5.6.4, when mmap is used to read a .php file, does not properly consider the mapping's length during processing of an invalid file that begins with a # character and lacks a newline character, which causes an out-of-bounds read and might (1) allow remote attackers to obtain sensitive information from php-cgi process memory by leveraging the ability to upload a .php file or (2) trigger unexpected code execution if a valid PHP script is present in memory locations adjacent to the mapping.",2015-01-02T05:00:00.000Z,
e2026d6f-3196-557d-9c7e-5ded0b574b29,,,,CVE-2009-4565,,,,,,,,,,,128.238.66.55,25,2019-12-10T12:12:33.497Z,,,,,,"sendmail before 8.14.4 does not properly handle a '0' character in a Common Name (CN) field of an X.509 certificate, which (1) allows man-in-the-middle attackers to spoof arbitrary SSL-based SMTP servers via a crafted server certificate issued by a legitimate Certification Authority, and (2) allows remote attackers to bypass intended access restrictions via a crafted client certificate issued by a legitimate Certification Authority, a related issue to CVE-2009-2408.",2010-01-04T05:00:00.000Z,
e86cb2c0-4540-59f6-98a3-fbcdfc588470,,,,CVE-2017-5651,,,,,,,,,,,128.122.108.165,8080,2019-11-25T15:45:50.000Z,,,,,,"In Apache Tomcat 9.0.0.M1 to 9.0.0.M18 and 8.5.0 to 8.5.12, the refactoring of the HTTP connectors introduced a regression in the send file processing. If the send file processing completed quickly, it was possible for the Processor to be added to the processor cache twice. This could result in the same Processor being used for multiple requests which in turn could lead to unexpected errors and/or response mix-up.",2017-04-17T04:00:00.000Z,
b64911f6-907a-55c4-8b64-b4ec5804bd37,,,,CVE-2014-9427,,,,,,,,,,,128.122.128.69,80,2019-11-10T11:04:18.000Z,,,,,,"sapi/cgi/cgi_main.c in the CGI component in PHP through 5.4.36, 5.5.x through 5.5.20, and 5.6.x through 5.6.4, when mmap is used to read a .php file, does not properly consider the mapping's length during processing of an invalid file that begins with a # character and lacks a newline character, which causes an out-of-bounds read and might (1) allow remote attackers to obtain sensitive information from php-cgi process memory by leveraging the ability to upload a .php file or (2) trigger unexpected code execution if a valid PHP script is present in memory locations adjacent to the mapping.",2015-01-02T05:00:00.000Z,
739749cf-5eb9-5f34-8c5f-8face12915fd,,,,CVE-2016-1908,,,,,,,,,,,128.122.93.210,22,2019-11-06T22:55:05.000Z,,,,,,"The client in OpenSSH before 7.2 mishandles failed cookie generation for untrusted X11 forwarding and relies on the local X11 server for access-control decisions, which allows remote X11 clients to trigger a fallback and obtain trusted X11 forwarding privileges by leveraging configuration issues on this X11 server, as demonstrated by lack of the SECURITY extension on this X11 server.",2017-04-11T04:00:00.000Z,
c3c1667d-a228-5c42-a7f6-c58e9494e7a5,,,,CVE-2016-6515,,,,,,,,,,,128.122.93.210,22,2019-11-06T22:55:05.000Z,,,,,,"The auth_password function in auth-passwd.c in sshd in OpenSSH before 7.3 does not limit password lengths for password authentication, which allows remote attackers to cause a denial of service (crypt CPU consumption) via a long string.",2016-08-07T04:00:00.000Z,
05ea658e-e93f-509d-ab6e-e95953016b2b,,,,CVE-2014-3515,,,,,,,,,,,128.238.182.18,80,2019-10-19T17:33:28.161Z,,,,,,"The SPL component in PHP before 5.4.30 and 5.5.x before 5.5.14 incorrectly anticipates that certain data structures will have the array data type after unserialization, which allows remote attackers to execute arbitrary code via a crafted string that triggers use of a Hashtable destructor, related to ""type confusion"" issues in (1) ArrayObject and (2) SPLObjectStorage.",2014-07-09T04:00:00.000Z,
1f877562-0fb6-5ef7-b14c-db71931a1ffc,,,,CVE-2014-3669,,,,,,,,,,,128.238.182.18,80,2019-10-19T17:33:28.161Z,,,,,,"Integer overflow in the object_custom function in ext/standard/var_unserializer.c in PHP before 5.4.34, 5.5.x before 5.5.18, and 5.6.x before 5.6.2 allows remote attackers to cause a denial of service (application crash) or possibly execute arbitrary code via an argument to the unserialize function that triggers calculation of a large length value.",2014-10-29T04:00:00.000Z,
b31f213d-530b-56a4-8f59-289986020f87,,,,CVE-2014-9427,,,,,,,,,,,128.238.182.18,80,2019-10-19T17:33:28.161Z,,,,,,"sapi/cgi/cgi_main.c in the CGI component in PHP through 5.4.36, 5.5.x through 5.5.20, and 5.6.x through 5.6.4, when mmap is used to read a .php file, does not properly consider the mapping's length during processing of an invalid file that begins with a # character and lacks a newline character, which causes an out-of-bounds read and might (1) allow remote attackers to obtain sensitive information from php-cgi process memory by leveraging the ability to upload a .php file or (2) trigger unexpected code execution if a valid PHP script is present in memory locations adjacent to the mapping.",2015-01-02T05:00:00.000Z,
800a215e-95dd-54b2-a8a9-e4d916695680,,,,CVE-2014-9427,,,,,,,,,,,128.122.4.236,443,2019-10-16T04:53:03.000Z,,,,,,"sapi/cgi/cgi_main.c in the CGI component in PHP through 5.4.36, 5.5.x through 5.5.20, and 5.6.x through 5.6.4, when mmap is used to read a .php file, does not properly consider the mapping's length during processing of an invalid file that begins with a # character and lacks a newline character, which causes an out-of-bounds read and might (1) allow remote attackers to obtain sensitive information from php-cgi process memory by leveraging the ability to upload a .php file or (2) trigger unexpected code execution if a valid PHP script is present in memory locations adjacent to the mapping.",2015-01-02T05:00:00.000Z,
acefc960-c1b6-5bab-9988-ff4a63feafe4,,,,CVE-2014-3669,,,,,,,,,,,128.122.4.236,443,2019-10-16T04:53:03.000Z,,,,,,"Integer overflow in the object_custom function in ext/standard/var_unserializer.c in PHP before 5.4.34, 5.5.x before 5.5.18, and 5.6.x before 5.6.2 allows remote attackers to cause a denial of service (application crash) or possibly execute arbitrary code via an argument to the unserialize function that triggers calculation of a large length value.",2014-10-29T04:00:00.000Z,
c3af6b2e-5219-5719-b3c2-6daf47814b09,,,,CVE-2014-3515,,,,,,,,,,,128.122.4.236,443,2019-10-16T04:53:03.000Z,,,,,,"The SPL component in PHP before 5.4.30 and 5.5.x before 5.5.14 incorrectly anticipates that certain data structures will have the array data type after unserialization, which allows remote attackers to execute arbitrary code via a crafted string that triggers use of a Hashtable destructor, related to ""type confusion"" issues in (1) ArrayObject and (2) SPLObjectStorage.",2014-07-09T04:00:00.000Z,
2cbc3382-9188-5b13-b258-921a6fb7ae51,,,,CVE-2014-9427,,,,,,,,,,,128.122.4.236,80,2019-10-11T02:57:57.000Z,,,,,,"sapi/cgi/cgi_main.c in the CGI component in PHP through 5.4.36, 5.5.x through 5.5.20, and 5.6.x through 5.6.4, when mmap is used to read a .php file, does not properly consider the mapping's length during processing of an invalid file that begins with a # character and lacks a newline character, which causes an out-of-bounds read and might (1) allow remote attackers to obtain sensitive information from php-cgi process memory by leveraging the ability to upload a .php file or (2) trigger unexpected code execution if a valid PHP script is present in memory locations adjacent to the mapping.",2015-01-02T05:00:00.000Z,
f98d1c3b-f2a8-57e5-830b-f1143237f1fe,,,,CVE-2014-3515,,,,,,,,,,,128.122.4.236,80,2019-10-11T02:57:57.000Z,,,,,,"The SPL component in PHP before 5.4.30 and 5.5.x before 5.5.14 incorrectly anticipates that certain data structures will have the array data type after unserialization, which allows remote attackers to execute arbitrary code via a crafted string that triggers use of a Hashtable destructor, related to ""type confusion"" issues in (1) ArrayObject and (2) SPLObjectStorage.",2014-07-09T04:00:00.000Z,
558a1323-17f0-5636-886a-aba1872bd02e,,,,CVE-2014-3515,,,,,,,,,,,128.122.130.129,80,2019-10-11T01:32:22.000Z,,,,,,"The SPL component in PHP before 5.4.30 and 5.5.x before 5.5.14 incorrectly anticipates that certain data structures will have the array data type after unserialization, which allows remote attackers to execute arbitrary code via a crafted string that triggers use of a Hashtable destructor, related to ""type confusion"" issues in (1) ArrayObject and (2) SPLObjectStorage.",2014-07-09T04:00:00.000Z,
56133a46-22b9-58e6-b7c9-1f704b6aacc8,,,,CVE-2014-9427,,,,,,,,,,,128.122.130.129,80,2019-10-11T01:32:22.000Z,,,,,,"sapi/cgi/cgi_main.c in the CGI component in PHP through 5.4.36, 5.5.x through 5.5.20, and 5.6.x through 5.6.4, when mmap is used to read a .php file, does not properly consider the mapping's length during processing of an invalid file that begins with a # character and lacks a newline character, which causes an out-of-bounds read and might (1) allow remote attackers to obtain sensitive information from php-cgi process memory by leveraging the ability to upload a .php file or (2) trigger unexpected code execution if a valid PHP script is present in memory locations adjacent to the mapping.",2015-01-02T05:00:00.000Z,
b0a7221b-87dc-5865-8b3b-6bf63bc8b170,,,,CVE-2006-0058,,,,,,,,,,,128.122.128.10,25,2019-10-08T10:54:11.000Z,,,,,,Signal handler race condition in Sendmail 8.13.x before 8.13.6 allows remote attackers to execute arbitrary code by triggering timeouts in a way that causes the setjmp and longjmp function calls to be interrupted and modify unexpected memory locations.,2006-03-22T05:00:00.000Z,
fba97b01-fff9-51d9-8946-fb603bf0f94b,,,,CVE-2009-4565,,,,,,,,,,,128.122.128.10,25,2019-10-08T10:54:11.000Z,,,,,,"sendmail before 8.14.4 does not properly handle a '\0' character in a Common Name (CN) field of an X.509 certificate, which (1) allows man-in-the-middle attackers to spoof arbitrary SSL-based SMTP servers via a crafted server certificate issued by a legitimate Certification Authority, and (2) allows remote attackers to bypass intended access restrictions via a crafted client certificate issued by a legitimate Certification Authority, a related issue to CVE-2009-2408.",2010-01-04T05:00:00.000Z,
1a2b2498-a900-54d5-a757-ff8bb005157b,,,,CVE-2003-0161,,,,,,,,,,,128.122.112.176,25,2019-10-07T23:44:27.000Z,,,,,,"The prescan() function in the address parser (parseaddr.c) in Sendmail before 8.12.9 does not properly handle certain conversions from char and int types, which can cause a length check to be disabled when Sendmail misinterprets an input value as a special ""NOCHAR"" control value, allowing attackers to cause a denial of service and possibly execute arbitrary code via a buffer overflow attack using messages, a different vulnerability than CVE-2002-1337.",2003-04-02T05:00:00.000Z,
38946a49-da0d-5480-9979-48a44b2bd3fe,,,,CVE-2009-4565,,,,,,,,,,,128.122.112.176,25,2019-10-07T23:44:27.000Z,,,,,,"sendmail before 8.14.4 does not properly handle a '\0' character in a Common Name (CN) field of an X.509 certificate, which (1) allows man-in-the-middle attackers to spoof arbitrary SSL-based SMTP servers via a crafted server certificate issued by a legitimate Certification Authority, and (2) allows remote attackers to bypass intended access restrictions via a crafted client certificate issued by a legitimate Certification Authority, a related issue to CVE-2009-2408.",2010-01-04T05:00:00.000Z,
61a8ee24-3d66-5704-af3b-7b04668cfd54,,,,CVE-2002-0906,,,,,,,,,,,128.122.112.176,25,2019-10-07T23:44:27.000Z,,,,,,"Buffer overflow in Sendmail before 8.12.5, when configured to use a custom DNS map to query TXT records, allows remote attackers to cause a denial of service and possibly execute arbitrary code via a malicious DNS server.",2002-10-04T04:00:00.000Z,
b5b4262e-c00c-590e-9540-eb1538552e56,,,,CVE-2002-2261,,,,,,,,,,,128.122.112.176,25,2019-10-07T23:44:27.000Z,,,,,,Sendmail 8.9.0 through 8.12.6 allows remote attackers to bypass relaying restrictions enforced by the 'check_relay' function by spoofing a blank DNS hostname.,2002-12-31T05:00:00.000Z,
de01140f-f43e-5e12-88f3-92da22d6582a,,,,CVE-2002-1337,,,,,,,,,,,128.122.112.176,25,2019-10-07T23:44:27.000Z,,,,,,"Buffer overflow in Sendmail 5.79 to 8.12.7 allows remote attackers to execute arbitrary code via certain formatted address fields, related to sender and recipient header comments as processed by the crackaddr function of headers.c.",2003-03-07T05:00:00.000Z,
8a54beb4-4924-58a3-bfa6-909a516129b0,,,,CVE-2014-9427,,,,,,,,,,,128.238.182.18,443,2019-10-02T10:37:16.472Z,,,,,,"sapi/cgi/cgi_main.c in the CGI component in PHP through 5.4.36, 5.5.x through 5.5.20, and 5.6.x through 5.6.4, when mmap is used to read a .php file, does not properly consider the mapping's length during processing of an invalid file that begins with a # character and lacks a newline character, which causes an out-of-bounds read and might (1) allow remote attackers to obtain sensitive information from php-cgi process memory by leveraging the ability to upload a .php file or (2) trigger unexpected code execution if a valid PHP script is present in memory locations adjacent to the mapping.",2015-01-02T05:00:00.000Z,
387d9b8f-9054-56e9-92cd-b29d06a2535d,,,,CVE-2009-4565,,,,,,,,,,,216.165.47.33,465,2019-09-16T17:03:37.000Z,,,,,,"sendmail before 8.14.4 does not properly handle a '\0' character in a Common Name (CN) field of an X.509 certificate, which (1) allows man-in-the-middle attackers to spoof arbitrary SSL-based SMTP servers via a crafted server certificate issued by a legitimate Certification Authority, and (2) allows remote attackers to bypass intended access restrictions via a crafted client certificate issued by a legitimate Certification Authority, a related issue to CVE-2009-2408.",2010-01-04T05:00:00.000Z,
14abb42c-1a66-531b-875f-0feb33100c7c,,,,CVE-2014-9427,,,,,,,,,,,216.165.26.109,443,2019-09-14T16:07:18.000Z,,,,,,"sapi/cgi/cgi_main.c in the CGI component in PHP through 5.4.36, 5.5.x through 5.5.20, and 5.6.x through 5.6.4, when mmap is used to read a .php file, does not properly consider the mapping's length during processing of an invalid file that begins with a # character and lacks a newline character, which causes an out-of-bounds read and might (1) allow remote attackers to obtain sensitive information from php-cgi process memory by leveraging the ability to upload a .php file or (2) trigger unexpected code execution if a valid PHP script is present in memory locations adjacent to the mapping.",2015-01-02T05:00:00.000Z,
74c6d277-5cde-5de8-abcd-12ade5811a84,,,,CVE-2014-3515,,,,,,,,,,,216.165.26.109,443,2019-09-14T16:07:18.000Z,,,,,,"The SPL component in PHP before 5.4.30 and 5.5.x before 5.5.14 incorrectly anticipates that certain data structures will have the array data type after unserialization, which allows remote attackers to execute arbitrary code via a crafted string that triggers use of a Hashtable destructor, related to ""type confusion"" issues in (1) ArrayObject and (2) SPLObjectStorage.",2014-07-09T04:00:00.000Z,
a1059398-fbf8-578d-b0e7-4c684c97aff6,,,,CVE-2014-3669,,,,,,,,,,,216.165.26.109,443,2019-09-14T16:07:18.000Z,,,,,,"Integer overflow in the object_custom function in ext/standard/var_unserializer.c in PHP before 5.4.34, 5.5.x before 5.5.18, and 5.6.x before 5.6.2 allows remote attackers to cause a denial of service (application crash) or possibly execute arbitrary code via an argument to the unserialize function that triggers calculation of a large length value.",2014-10-29T04:00:00.000Z,
7d070ca5-1290-5b54-acaf-e4dac1ee23d5,,,,CVE-2014-9427,,,,,,,,,,,128.122.108.67,80,2019-09-11T01:00:07.000Z,,,,,,"sapi/cgi/cgi_main.c in the CGI component in PHP through 5.4.36, 5.5.x through 5.5.20, and 5.6.x through 5.6.4, when mmap is used to read a .php file, does not properly consider the mapping's length during processing of an invalid file that begins with a # character and lacks a newline character, which causes an out-of-bounds read and might (1) allow remote attackers to obtain sensitive information from php-cgi process memory by leveraging the ability to upload a .php file or (2) trigger unexpected code execution if a valid PHP script is present in memory locations adjacent to the mapping.",2015-01-02T05:00:00.000Z,
e3af4fdd-baab-578f-8d28-0e63b4ca2175,,,,CVE-2014-8626,,,,,,,,,,,128.122.108.67,80,2019-09-11T01:00:07.000Z,,,,,,"Stack-based buffer overflow in the date_from_ISO8601 function in ext/xmlrpc/libxmlrpc/xmlrpc.c in PHP before 5.2.7 allows remote attackers to cause a denial of service (application crash) or possibly execute arbitrary code by including a timezone field in a date, leading to improper XML-RPC encoding.",2014-11-22T05:00:00.000Z,
2a2ad8d2-34a0-55cb-9534-454c31462b9f,,,,CVE-2011-3268,,,,,,,,,,,128.122.108.68,80,2019-09-11T00:54:49.000Z,,,,,,"Buffer overflow in the crypt function in PHP before 5.3.7 allows context-dependent attackers to have an unspecified impact via a long salt argument, a different vulnerability than CVE-2011-2483.",2011-08-25T04:00:00.000Z,
a296f62a-0167-5501-9010-7a14d34a01aa,,,,CVE-2014-9427,,,,,,,,,,,128.122.108.68,80,2019-09-11T00:54:49.000Z,,,,,,"sapi/cgi/cgi_main.c in the CGI component in PHP through 5.4.36, 5.5.x through 5.5.20, and 5.6.x through 5.6.4, when mmap is used to read a .php file, does not properly consider the mapping's length during processing of an invalid file that begins with a # character and lacks a newline character, which causes an out-of-bounds read and might (1) allow remote attackers to obtain sensitive information from php-cgi process memory by leveraging the ability to upload a .php file or (2) trigger unexpected code execution if a valid PHP script is present in memory locations adjacent to the mapping.",2015-01-02T05:00:00.000Z,
ab0a999e-1bb9-5d01-af73-317de4cdaaae,,,,CVE-2014-8626,,,,,,,,,,,128.122.108.68,80,2019-09-11T00:54:49.000Z,,,,,,"Stack-based buffer overflow in the date_from_ISO8601 function in ext/xmlrpc/libxmlrpc/xmlrpc.c in PHP before 5.2.7 allows remote attackers to cause a denial of service (application crash) or possibly execute arbitrary code by including a timezone field in a date, leading to improper XML-RPC encoding.",2014-11-22T05:00:00.000Z,
e31eb416-4f89-50c2-a0a0-518ccc65f2ad,,,,CVE-2014-9427,,,,,,,,,,,128.122.2.44,80,2019-09-10T17:05:08.000Z,,,,,,"sapi/cgi/cgi_main.c in the CGI component in PHP through 5.4.36, 5.5.x through 5.5.20, and 5.6.x through 5.6.4, when mmap is used to read a .php file, does not properly consider the mapping's length during processing of an invalid file that begins with a # character and lacks a newline character, which causes an out-of-bounds read and might (1) allow remote attackers to obtain sensitive information from php-cgi process memory by leveraging the ability to upload a .php file or (2) trigger unexpected code execution if a valid PHP script is present in memory locations adjacent to the mapping.",2015-01-02T05:00:00.000Z,
29a5f707-dcb2-5746-a72a-d0207c95710f,,,,CVE-2011-3268,,,,,,,,,,,128.122.108.66,80,2019-09-10T02:24:17.000Z,,,,,,"Buffer overflow in the crypt function in PHP before 5.3.7 allows context-dependent attackers to have an unspecified impact via a long salt argument, a different vulnerability than CVE-2011-2483.",2011-08-25T04:00:00.000Z,
5c73e12e-865f-51fd-87c6-2a99bebff5a0,,,,CVE-2014-8626,,,,,,,,,,,128.122.108.66,80,2019-09-10T02:24:17.000Z,,,,,,"Stack-based buffer overflow in the date_from_ISO8601 function in ext/xmlrpc/libxmlrpc/xmlrpc.c in PHP before 5.2.7 allows remote attackers to cause a denial of service (application crash) or possibly execute arbitrary code by including a timezone field in a date, leading to improper XML-RPC encoding.",2014-11-22T05:00:00.000Z,
86f6194c-3ead-51a1-9301-e8952aaf9104,,,,CVE-2014-9427,,,,,,,,,,,128.122.108.66,80,2019-09-10T02:24:17.000Z,,,,,,"sapi/cgi/cgi_main.c in the CGI component in PHP through 5.4.36, 5.5.x through 5.5.20, and 5.6.x through 5.6.4, when mmap is used to read a .php file, does not properly consider the mapping's length during processing of an invalid file that begins with a # character and lacks a newline character, which causes an out-of-bounds read and might (1) allow remote attackers to obtain sensitive information from php-cgi process memory by leveraging the ability to upload a .php file or (2) trigger unexpected code execution if a valid PHP script is present in memory locations adjacent to the mapping.",2015-01-02T05:00:00.000Z,
6445be02-b139-5fb4-84f8-7f4f410c2576,,,,CVE-2014-9427,,,,,,,,,,,128.122.108.88,80,2019-09-10T02:21:11.000Z,,,,,,"sapi/cgi/cgi_main.c in the CGI component in PHP through 5.4.36, 5.5.x through 5.5.20, and 5.6.x through 5.6.4, when mmap is used to read a .php file, does not properly consider the mapping's length during processing of an invalid file that begins with a # character and lacks a newline character, which causes an out-of-bounds read and might (1) allow remote attackers to obtain sensitive information from php-cgi process memory by leveraging the ability to upload a .php file or (2) trigger unexpected code execution if a valid PHP script is present in memory locations adjacent to the mapping.",2015-01-02T05:00:00.000Z,
8ecafa65-f735-5d01-8059-798acf46068e,,,,CVE-2014-8626,,,,,,,,,,,128.122.108.88,80,2019-09-10T02:21:11.000Z,,,,,,"Stack-based buffer overflow in the date_from_ISO8601 function in ext/xmlrpc/libxmlrpc/xmlrpc.c in PHP before 5.2.7 allows remote attackers to cause a denial of service (application crash) or possibly execute arbitrary code by including a timezone field in a date, leading to improper XML-RPC encoding.",2014-11-22T05:00:00.000Z,
04718680-2f38-5ad7-ab65-3877ff51c6fc,,,,CVE-2014-9427,,,,,,,,,,,128.122.114.12,80,2019-09-09T11:19:35.000Z,,,,,,"sapi/cgi/cgi_main.c in the CGI component in PHP through 5.4.36, 5.5.x through 5.5.20, and 5.6.x through 5.6.4, when mmap is used to read a .php file, does not properly consider the mapping's length during processing of an invalid file that begins with a # character and lacks a newline character, which causes an out-of-bounds read and might (1) allow remote attackers to obtain sensitive information from php-cgi process memory by leveraging the ability to upload a .php file or (2) trigger unexpected code execution if a valid PHP script is present in memory locations adjacent to the mapping.",2015-01-02T05:00:00.000Z,
996dbc2b-d114-553a-9ec1-6bfc091d78b5,,,,CVE-2014-9427,,,,,,,,,,,128.238.63.50,443,2019-08-16T10:52:24.000Z,,,,,,"sapi/cgi/cgi_main.c in the CGI component in PHP through 5.4.36, 5.5.x through 5.5.20, and 5.6.x through 5.6.4, when mmap is used to read a .php file, does not properly consider the mapping's length during processing of an invalid file that begins with a # character and lacks a newline character, which causes an out-of-bounds read and might (1) allow remote attackers to obtain sensitive information from php-cgi process memory by leveraging the ability to upload a .php file or (2) trigger unexpected code execution if a valid PHP script is present in memory locations adjacent to the mapping.",2015-01-02T05:00:00.000Z,
abe68246-e3ca-5500-b08d-9761d70e72aa,,,,CVE-2011-3268,,,,,,,,,,,128.238.63.50,443,2019-08-16T10:52:24.000Z,,,,,,"Buffer overflow in the crypt function in PHP before 5.3.7 allows context-dependent attackers to have an unspecified impact via a long salt argument, a different vulnerability than CVE-2011-2483.",2011-08-25T04:00:00.000Z,
218203f8-512d-5d9c-a397-f1daba9ce73a,,,,CVE-2014-8626,,,,,,,,,,,128.238.63.35,443,2019-08-14T17:21:12.000Z,,,,,,"Stack-based buffer overflow in the date_from_ISO8601 function in ext/xmlrpc/libxmlrpc/xmlrpc.c in PHP before 5.2.7 allows remote attackers to cause a denial of service (application crash) or possibly execute arbitrary code by including a timezone field in a date, leading to improper XML-RPC encoding.",2014-11-22T05:00:00.000Z,
56369d06-45b0-52b1-8b2b-90faa890dac8,,,,CVE-2011-3268,,,,,,,,,,,128.238.63.35,443,2019-08-14T17:21:12.000Z,,,,,,"Buffer overflow in the crypt function in PHP before 5.3.7 allows context-dependent attackers to have an unspecified impact via a long salt argument, a different vulnerability than CVE-2011-2483.",2011-08-25T04:00:00.000Z,
89a88132-49e4-53db-ac11-f7c6ff839fa9,,,,CVE-2014-9427,,,,,,,,,,,128.238.63.35,443,2019-08-14T17:21:12.000Z,,,,,,"sapi/cgi/cgi_main.c in the CGI component in PHP through 5.4.36, 5.5.x through 5.5.20, and 5.6.x through 5.6.4, when mmap is used to read a .php file, does not properly consider the mapping's length during processing of an invalid file that begins with a # character and lacks a newline character, which causes an out-of-bounds read and might (1) allow remote attackers to obtain sensitive information from php-cgi process memory by leveraging the ability to upload a .php file or (2) trigger unexpected code execution if a valid PHP script is present in memory locations adjacent to the mapping.",2015-01-02T05:00:00.000Z,
2bf1d22c-207b-5f3f-897c-6f97211fc5a8,,,,CVE-2014-8626,,,,,,,,,,,128.238.63.35,80,2019-08-13T04:51:25.785Z,,,,,,"Stack-based buffer overflow in the date_from_ISO8601 function in ext/xmlrpc/libxmlrpc/xmlrpc.c in PHP before 5.2.7 allows remote attackers to cause a denial of service (application crash) or possibly execute arbitrary code by including a timezone field in a date, leading to improper XML-RPC encoding.",2014-11-22T05:00:00.000Z,
643b41a7-d811-51f1-930c-aebd07108d7c,,,,CVE-2014-9427,,,,,,,,,,,128.238.63.35,80,2019-08-13T04:51:25.785Z,,,,,,"sapi/cgi/cgi_main.c in the CGI component in PHP through 5.4.36, 5.5.x through 5.5.20, and 5.6.x through 5.6.4, when mmap is used to read a .php file, does not properly consider the mapping's length during processing of an invalid file that begins with a # character and lacks a newline character, which causes an out-of-bounds read and might (1) allow remote attackers to obtain sensitive information from php-cgi process memory by leveraging the ability to upload a .php file or (2) trigger unexpected code execution if a valid PHP script is present in memory locations adjacent to the mapping.",2015-01-02T05:00:00.000Z,
701f5eaa-6f92-5cf9-bb1b-ecac9e182239,,,,CVE-2011-3268,,,,,,,,,,,128.238.63.35,80,2019-08-13T04:51:25.785Z,,,,,,"Buffer overflow in the crypt function in PHP before 5.3.7 allows context-dependent attackers to have an unspecified impact via a long salt argument, a different vulnerability than CVE-2011-2483.",2011-08-25T04:00:00.000Z,
03355a1d-6d7f-5e95-a381-a01b43501a7c,,,,CVE-2014-8626,,,,,,,,,,,128.238.63.50,80,2019-08-12T16:29:19.647Z,,,,,,"Stack-based buffer overflow in the date_from_ISO8601 function in ext/xmlrpc/libxmlrpc/xmlrpc.c in PHP before 5.2.7 allows remote attackers to cause a denial of service (application crash) or possibly execute arbitrary code by including a timezone field in a date, leading to improper XML-RPC encoding.",2014-11-22T05:00:00.000Z,
1ea4356b-52a2-5f4a-8ee3-b28f0c892878,,,,CVE-2011-3268,,,,,,,,,,,128.238.63.50,80,2019-08-12T16:29:19.647Z,,,,,,"Buffer overflow in the crypt function in PHP before 5.3.7 allows context-dependent attackers to have an unspecified impact via a long salt argument, a different vulnerability than CVE-2011-2483.",2011-08-25T04:00:00.000Z,
c5c00232-2530-5fa7-9f63-6b77bb3e0684,,,,CVE-2014-9427,,,,,,,,,,,128.238.63.50,80,2019-08-12T16:29:19.647Z,,,,,,"sapi/cgi/cgi_main.c in the CGI component in PHP through 5.4.36, 5.5.x through 5.5.20, and 5.6.x through 5.6.4, when mmap is used to read a .php file, does not properly consider the mapping's length during processing of an invalid file that begins with a # character and lacks a newline character, which causes an out-of-bounds read and might (1) allow remote attackers to obtain sensitive information from php-cgi process memory by leveraging the ability to upload a .php file or (2) trigger unexpected code execution if a valid PHP script is present in memory locations adjacent to the mapping.",2015-01-02T05:00:00.000Z,
84b0e8b9-393a-59c1-8d09-d2aad2f43d47,,,,CVE-2014-9427,,,,,,,,,,,128.122.128.34,80,2019-08-10T10:31:12.000Z,,,,,,"sapi/cgi/cgi_main.c in the CGI component in PHP through 5.4.36, 5.5.x through 5.5.20, and 5.6.x through 5.6.4, when mmap is used to read a .php file, does not properly consider the mapping's length during processing of an invalid file that begins with a # character and lacks a newline character, which causes an out-of-bounds read and might (1) allow remote attackers to obtain sensitive information from php-cgi process memory by leveraging the ability to upload a .php file or (2) trigger unexpected code execution if a valid PHP script is present in memory locations adjacent to the mapping.",2015-01-02T05:00:00.000Z,
60580bc3-365b-5752-ad08-d9f278dc9b3f,,,,CVE-2016-10009,,,,,,,,,,,128.122.97.248,22,2019-08-07T11:58:13.000Z,,,,,,Untrusted search path vulnerability in ssh-agent.c in ssh-agent in OpenSSH before 7.4 allows remote attackers to execute arbitrary local PKCS#11 modules by leveraging control over a forwarded agent-socket.,2017-01-04T05:00:00.000Z,
76220459-f96e-53ed-b822-e7b09ae26542,,,,CVE-2016-10012,,,,,,,,,,,128.122.97.248,22,2019-08-07T11:58:13.000Z,,,,,,"The shared memory manager (associated with pre-authentication compression) in sshd in OpenSSH before 7.4 does not ensure that a bounds check is enforced by all compilers, which might allows local users to gain privileges by leveraging access to a sandboxed privilege-separation process, related to the m_zback and m_zlib data structures.",2017-01-04T05:00:00.000Z,
a33861f5-381b-583e-b0eb-b6ee43dc87d3,,,,CVE-2016-10009,,,,,,,,,,,128.122.97.238,22,2019-08-07T11:51:25.000Z,,,,,,Untrusted search path vulnerability in ssh-agent.c in ssh-agent in OpenSSH before 7.4 allows remote attackers to execute arbitrary local PKCS#11 modules by leveraging control over a forwarded agent-socket.,2017-01-04T05:00:00.000Z,
f58d530b-7d98-5516-afd5-cb82673a282c,,,,CVE-2016-10012,,,,,,,,,,,128.122.97.238,22,2019-08-07T11:51:25.000Z,,,,,,"The shared memory manager (associated with pre-authentication compression) in sshd in OpenSSH before 7.4 does not ensure that a bounds check is enforced by all compilers, which might allows local users to gain privileges by leveraging access to a sandboxed privilege-separation process, related to the m_zback and m_zlib data structures.",2017-01-04T05:00:00.000Z,
7360b4df-6315-5e99-85e6-8733ed440198,,,,CVE-2016-10012,,,,,,,,,,,128.122.95.63,22,2019-08-07T07:15:37.000Z,,,,,,"The shared memory manager (associated with pre-authentication compression) in sshd in OpenSSH before 7.4 does not ensure that a bounds check is enforced by all compilers, which might allows local users to gain privileges by leveraging access to a sandboxed privilege-separation process, related to the m_zback and m_zlib data structures.",2017-01-04T05:00:00.000Z,
82677f2c-714e-5923-92e6-24cd270e28b1,,,,CVE-2016-10009,,,,,,,,,,,128.122.95.63,22,2019-08-07T07:15:37.000Z,,,,,,Untrusted search path vulnerability in ssh-agent.c in ssh-agent in OpenSSH before 7.4 allows remote attackers to execute arbitrary local PKCS#11 modules by leveraging control over a forwarded agent-socket.,2017-01-04T05:00:00.000Z,
524f2a9f-4a6e-5d99-adbe-c6e92147d378,,,,CVE-2016-6515,,,,,,,,,,,128.122.250.27,22,2019-08-07T04:36:46.000Z,,,,,,"The auth_password function in auth-passwd.c in sshd in OpenSSH before 7.3 does not limit password lengths for password authentication, which allows remote attackers to cause a denial of service (crypt CPU consumption) via a long string.",2016-08-07T04:00:00.000Z,
16899418-5706-5246-aa05-fba4f2e0a048,,,,CVE-2016-10009,,,,,,,,,,,128.122.97.242,22,2019-08-06T22:15:45.000Z,,,,,,Untrusted search path vulnerability in ssh-agent.c in ssh-agent in OpenSSH before 7.4 allows remote attackers to execute arbitrary local PKCS#11 modules by leveraging control over a forwarded agent-socket.,2017-01-04T05:00:00.000Z,
5d396f02-500e-515c-a3dc-c3f097ddf3f6,,,,CVE-2016-10012,,,,,,,,,,,128.122.97.242,22,2019-08-06T22:15:45.000Z,,,,,,"The shared memory manager (associated with pre-authentication compression) in sshd in OpenSSH before 7.4 does not ensure that a bounds check is enforced by all compilers, which might allows local users to gain privileges by leveraging access to a sandboxed privilege-separation process, related to the m_zback and m_zlib data structures.",2017-01-04T05:00:00.000Z,
e7e777ff-2e3f-5f6c-8bff-79b5e86e0f43,,,,CVE-2014-3669,,,,,,,,,,,128.122.4.13,443,2019-07-20T00:26:00.000Z,,,,,,"Integer overflow in the object_custom function in ext/standard/var_unserializer.c in PHP before 5.4.34, 5.5.x before 5.5.18, and 5.6.x before 5.6.2 allows remote attackers to cause a denial of service (application crash) or possibly execute arbitrary code via an argument to the unserialize function that triggers calculation of a large length value.",2014-10-29T04:00:00.000Z,
2b7e8ba6-bb26-56a2-ab69-a3a267dd372c,,,,CVE-2014-3515,,,,,,,,,,,128.122.115.153,80,2019-07-14T16:13:19.000Z,,,,,,"The SPL component in PHP before 5.4.30 and 5.5.x before 5.5.14 incorrectly anticipates that certain data structures will have the array data type after unserialization, which allows remote attackers to execute arbitrary code via a crafted string that triggers use of a Hashtable destructor, related to ""type confusion"" issues in (1) ArrayObject and (2) SPLObjectStorage.",2014-07-09T04:00:00.000Z,
3dab7049-8aaf-5991-a458-0f2f870eb1e3,,,,CVE-2014-3669,,,,,,,,,,,128.122.115.153,80,2019-07-14T16:13:19.000Z,,,,,,"Integer overflow in the object_custom function in ext/standard/var_unserializer.c in PHP before 5.4.34, 5.5.x before 5.5.18, and 5.6.x before 5.6.2 allows remote attackers to cause a denial of service (application crash) or possibly execute arbitrary code via an argument to the unserialize function that triggers calculation of a large length value.",2014-10-29T04:00:00.000Z,
3f109d97-09fa-548b-9418-1bb1d9b2c9b8,,,,CVE-2014-9427,,,,,,,,,,,128.122.115.153,80,2019-07-14T16:13:19.000Z,,,,,,"sapi/cgi/cgi_main.c in the CGI component in PHP through 5.4.36, 5.5.x through 5.5.20, and 5.6.x through 5.6.4, when mmap is used to read a .php file, does not properly consider the mapping's length during processing of an invalid file that begins with a # character and lacks a newline character, which causes an out-of-bounds read and might (1) allow remote attackers to obtain sensitive information from php-cgi process memory by leveraging the ability to upload a .php file or (2) trigger unexpected code execution if a valid PHP script is present in memory locations adjacent to the mapping.",2015-01-02T05:00:00.000Z,
386e9875-a892-5559-8a64-1d5b4f3c8c0d,,,,CVE-2017-9078,,,,,,,,,,,128.122.227.241,22,2019-07-12T09:24:03.000Z,,,,,,The server in Dropbear before 2017.75 might allow post-authentication root remote code execution because of a double free in cleanup of TCP listeners when the -a option is enabled.,2017-05-19T04:00:00.000Z,
68d40932-3fec-502a-944c-c55038a948d3,,,,CVE-2016-10009,,,,,,,,,,,128.122.97.245,22,2019-07-12T04:50:12.000Z,,,,,,Untrusted search path vulnerability in ssh-agent.c in ssh-agent in OpenSSH before 7.4 allows remote attackers to execute arbitrary local PKCS#11 modules by leveraging control over a forwarded agent-socket.,2017-01-04T05:00:00.000Z,
7446a418-9fa8-5c56-8574-01149e453f31,,,,CVE-2016-10012,,,,,,,,,,,128.122.97.245,22,2019-07-12T04:50:12.000Z,,,,,,"The shared memory manager (associated with pre-authentication compression) in sshd in OpenSSH before 7.4 does not ensure that a bounds check is enforced by all compilers, which might allows local users to gain privileges by leveraging access to a sandboxed privilege-separation process, related to the m_zback and m_zlib data structures.",2017-01-04T05:00:00.000Z,
202ba18b-1fe4-5d46-bed8-f16dcd5dd9e3,,,,CVE-2014-3515,,,,,,,,,,,128.238.182.18,443,2019-06-14T23:41:56.000Z,,,,,,"The SPL component in PHP before 5.4.30 and 5.5.x before 5.5.14 incorrectly anticipates that certain data structures will have the array data type after unserialization, which allows remote attackers to execute arbitrary code via a crafted string that triggers use of a Hashtable destructor, related to ""type confusion"" issues in (1) ArrayObject and (2) SPLObjectStorage.",2014-07-09T04:00:00.000Z,
8aa165ad-53b7-56da-a5ac-0fe9b54b2106,,,,CVE-2014-3669,,,,,,,,,,,128.238.182.18,443,2019-06-14T23:41:56.000Z,,,,,,"Integer overflow in the object_custom function in ext/standard/var_unserializer.c in PHP before 5.4.34, 5.5.x before 5.5.18, and 5.6.x before 5.6.2 allows remote attackers to cause a denial of service (application crash) or possibly execute arbitrary code via an argument to the unserialize function that triggers calculation of a large length value.",2014-10-29T04:00:00.000Z,
24c406a1-12c0-5154-8ca1-9f10ea50f37f,,,,CVE-2014-9427,,,,,,,,,,,128.238.66.15,443,2019-06-13T21:37:44.000Z,,,,,,"sapi/cgi/cgi_main.c in the CGI component in PHP through 5.4.36, 5.5.x through 5.5.20, and 5.6.x through 5.6.4, when mmap is used to read a .php file, does not properly consider the mapping's length during processing of an invalid file that begins with a # character and lacks a newline character, which causes an out-of-bounds read and might (1) allow remote attackers to obtain sensitive information from php-cgi process memory by leveraging the ability to upload a .php file or (2) trigger unexpected code execution if a valid PHP script is present in memory locations adjacent to the mapping.",2015-01-02T05:00:00.000Z,
c27bc84b-946c-535c-95a0-d703791278e5,,,,CVE-2014-9427,,,,,,,,,,,128.238.66.15,80,2019-06-09T02:17:07.000Z,,,,,,"sapi/cgi/cgi_main.c in the CGI component in PHP through 5.4.36, 5.5.x through 5.5.20, and 5.6.x through 5.6.4, when mmap is used to read a .php file, does not properly consider the mapping's length during processing of an invalid file that begins with a # character and lacks a newline character, which causes an out-of-bounds read and might (1) allow remote attackers to obtain sensitive information from php-cgi process memory by leveraging the ability to upload a .php file or (2) trigger unexpected code execution if a valid PHP script is present in memory locations adjacent to the mapping.",2015-01-02T05:00:00.000Z,
fb8b8fb9-b781-5016-888f-4d98f1656ddf,,,,CVE-2014-9427,,,,,,,,,,,128.122.86.187,80,2019-06-08T21:27:45.000Z,,,,,,"sapi/cgi/cgi_main.c in the CGI component in PHP through 5.4.36, 5.5.x through 5.5.20, and 5.6.x through 5.6.4, when mmap is used to read a .php file, does not properly consider the mapping's length during processing of an invalid file that begins with a # character and lacks a newline character, which causes an out-of-bounds read and might (1) allow remote attackers to obtain sensitive information from php-cgi process memory by leveraging the ability to upload a .php file or (2) trigger unexpected code execution if a valid PHP script is present in memory locations adjacent to the mapping.",2015-01-02T05:00:00.000Z,
c5aaf46c-cc80-567a-ab7a-521cf26731c2,,,,CVE-2009-4565,,,,,,,,,,,128.238.66.13,25,2019-06-08T00:17:16.000Z,,,,,,"sendmail before 8.14.4 does not properly handle a '\0' character in a Common Name (CN) field of an X.509 certificate, which (1) allows man-in-the-middle attackers to spoof arbitrary SSL-based SMTP servers via a crafted server certificate issued by a legitimate Certification Authority, and (2) allows remote attackers to bypass intended access restrictions via a crafted client certificate issued by a legitimate Certification Authority, a related issue to CVE-2009-2408.",2010-01-04T05:00:00.000Z,
8ade5655-e327-5376-9360-059d6fa0c3d0,,,,CVE-2017-7668,,,,,,,,,,,18.179.160.39,80,2019-06-04T01:21:53.344Z,,,,,,"The HTTP strict parsing changes added in Apache httpd 2.2.32 and 2.4.24 introduced a bug in token list parsing, which allows ap_find_token() to search past the end of its input string. By maliciously crafting a sequence of request headers, an attacker may be able to cause a segmentation fault, or to force ap_find_token() to return an incorrect value.",2017-06-19T04:00:00.000Z,
dfed24c4-ab3f-589a-b8a7-fe250480d3c8,,,,CVE-2017-7668,,,,,,,,,,,18.179.160.39,443,2019-05-23T08:47:41.761Z,,,,,,"The HTTP strict parsing changes added in Apache httpd 2.2.32 and 2.4.24 introduced a bug in token list parsing, which allows ap_find_token() to search past the end of its input string. By maliciously crafting a sequence of request headers, an attacker may be able to cause a segmentation fault, or to force ap_find_token() to return an incorrect value.",2017-06-19T04:00:00.000Z,
3b3668f4-0e04-5771-8b89-17219e9a2f12,,,,CVE-2015-3329,,,,,,,,,,,216.165.125.109,443,2019-05-11T06:05:42.000Z,,,,,,"Multiple stack-based buffer overflows in the phar_set_inode function in phar_internal.h in PHP before 5.4.40, 5.5.x before 5.5.24, and 5.6.x before 5.6.8 allow remote attackers to execute arbitrary code via a crafted length value in a (1) tar, (2) phar, or (3) ZIP archive.",2015-06-09T04:00:00.000Z,
665b5ce3-7641-5514-af44-5afddbaa297f,,,,CVE-2014-9705,,,,,,,,,,,216.165.125.109,443,2019-05-11T06:05:42.000Z,,,,,,"Heap-based buffer overflow in the enchant_broker_request_dict function in ext/enchant/enchant.c in PHP before 5.4.38, 5.5.x before 5.5.22, and 5.6.x before 5.6.6 allows remote attackers to execute arbitrary code via vectors that trigger creation of multiple dictionaries.",2015-03-30T04:00:00.000Z,
b0a41c30-9c3d-531c-a33a-d22dddbbffd1,,,,CVE-2015-3307,,,,,,,,,,,216.165.125.109,443,2019-05-11T06:05:42.000Z,,,,,,"The phar_parse_metadata function in ext/phar/phar.c in PHP before 5.4.40, 5.5.x before 5.5.24, and 5.6.x before 5.6.8 allows remote attackers to cause a denial of service (heap metadata corruption) or possibly have unspecified other impact via a crafted tar archive.",2015-06-09T04:00:00.000Z,
feaa192e-a743-5c6c-a550-7819b7e891d4,,,,CVE-2015-4022,,,,,,,,,,,216.165.125.109,443,2019-05-11T06:05:42.000Z,,,,,,"Integer overflow in the ftp_genlist function in ext/ftp/ftp.c in PHP before 5.4.41, 5.5.x before 5.5.25, and 5.6.x before 5.6.9 allows remote FTP servers to execute arbitrary code via a long reply to a LIST command, leading to a heap-based buffer overflow.",2015-06-09T04:00:00.000Z,
07620f91-0933-535a-ae97-da59cc54ab50,,,,CVE-2014-3669,,,,,,,,,,,128.122.130.72,80,2019-05-08T23:29:17.000Z,,,,,,"Integer overflow in the object_custom function in ext/standard/var_unserializer.c in PHP before 5.4.34, 5.5.x before 5.5.18, and 5.6.x before 5.6.2 allows remote attackers to cause a denial of service (application crash) or possibly execute arbitrary code via an argument to the unserialize function that triggers calculation of a large length value.",2014-10-29T04:00:00.000Z,
f7156b25-c389-5cdb-bb08-71ec6e244a2e,,,,CVE-2014-9427,,,,,,,,,,,128.238.66.13,80,2019-05-08T04:25:52.963Z,,,,,,"sapi/cgi/cgi_main.c in the CGI component in PHP through 5.4.36, 5.5.x through 5.5.20, and 5.6.x through 5.6.4, when mmap is used to read a .php file, does not properly consider the mapping's length during processing of an invalid file that begins with a # character and lacks a newline character, which causes an out-of-bounds read and might (1) allow remote attackers to obtain sensitive information from php-cgi process memory by leveraging the ability to upload a .php file or (2) trigger unexpected code execution if a valid PHP script is present in memory locations adjacent to the mapping.",2015-01-02T05:00:00.000Z,
541d7fee-a9cd-5cf0-9bab-08c4c889a0dd,,,,CVE-2006-0058,,,,,,,,,,,128.122.128.77,25,2019-05-06T18:36:33.000Z,,,,,,Signal handler race condition in Sendmail 8.13.x before 8.13.6 allows remote attackers to execute arbitrary code by triggering timeouts in a way that causes the setjmp and longjmp function calls to be interrupted and modify unexpected memory locations.,2006-03-22T05:00:00.000Z,
f1c8d535-68e6-5b7d-99f2-64b1416bf1ff,,,,CVE-2009-4565,,,,,,,,,,,128.122.128.78,25,2019-05-06T18:33:17.000Z,,,,,,"sendmail before 8.14.4 does not properly handle a '\0' character in a Common Name (CN) field of an X.509 certificate, which (1) allows man-in-the-middle attackers to spoof arbitrary SSL-based SMTP servers via a crafted server certificate issued by a legitimate Certification Authority, and (2) allows remote attackers to bypass intended access restrictions via a crafted client certificate issued by a legitimate Certification Authority, a related issue to CVE-2009-2408.",2010-01-04T05:00:00.000Z,
e0751f38-b30f-56c1-b4ca-6de743ee6f3d,,,,CVE-2009-4565,,,,,,,,,,,128.122.128.37,25,2019-05-06T13:39:53.000Z,,,,,,"sendmail before 8.14.4 does not properly handle a '\0' character in a Common Name (CN) field of an X.509 certificate, which (1) allows man-in-the-middle attackers to spoof arbitrary SSL-based SMTP servers via a crafted server certificate issued by a legitimate Certification Authority, and (2) allows remote attackers to bypass intended access restrictions via a crafted client certificate issued by a legitimate Certification Authority, a related issue to CVE-2009-2408.",2010-01-04T05:00:00.000Z,
ed451e15-aad3-53e9-8342-b81bc3371c68,,,,CVE-2006-0058,,,,,,,,,,,128.122.128.37,25,2019-05-06T13:39:53.000Z,,,,,,Signal handler race condition in Sendmail 8.13.x before 8.13.6 allows remote attackers to execute arbitrary code by triggering timeouts in a way that causes the setjmp and longjmp function calls to be interrupted and modify unexpected memory locations.,2006-03-22T05:00:00.000Z,
d930b52f-837a-5de0-bab7-3bd7198711f5,,,,CVE-2014-9427,,,,,,,,,,,128.122.85.21,443,2019-04-19T08:00:52.000Z,,,,,,"sapi/cgi/cgi_main.c in the CGI component in PHP through 5.4.36, 5.5.x through 5.5.20, and 5.6.x through 5.6.4, when mmap is used to read a .php file, does not properly consider the mapping's length during processing of an invalid file that begins with a # character and lacks a newline character, which causes an out-of-bounds read and might (1) allow remote attackers to obtain sensitive information from php-cgi process memory by leveraging the ability to upload a .php file or (2) trigger unexpected code execution if a valid PHP script is present in memory locations adjacent to the mapping.",2015-01-02T05:00:00.000Z,
430d3484-ed1f-5c25-ba81-333d21267a2d,,,,CVE-2014-3669,,,,,,,,,,,128.122.108.145,443,2019-04-19T07:45:21.000Z,,,,,,"Integer overflow in the object_custom function in ext/standard/var_unserializer.c in PHP before 5.4.34, 5.5.x before 5.5.18, and 5.6.x before 5.6.2 allows remote attackers to cause a denial of service (application crash) or possibly execute arbitrary code via an argument to the unserialize function that triggers calculation of a large length value.",2014-10-29T04:00:00.000Z,
61dc993f-6844-5f43-a381-280484257cbf,,,,CVE-2014-9427,,,,,,,,,,,128.122.108.145,443,2019-04-19T07:45:21.000Z,,,,,,"sapi/cgi/cgi_main.c in the CGI component in PHP through 5.4.36, 5.5.x through 5.5.20, and 5.6.x through 5.6.4, when mmap is used to read a .php file, does not properly consider the mapping's length during processing of an invalid file that begins with a # character and lacks a newline character, which causes an out-of-bounds read and might (1) allow remote attackers to obtain sensitive information from php-cgi process memory by leveraging the ability to upload a .php file or (2) trigger unexpected code execution if a valid PHP script is present in memory locations adjacent to the mapping.",2015-01-02T05:00:00.000Z,
b563250b-0e90-5fe7-9bcc-386dc9dd7ede,,,,CVE-2014-3515,,,,,,,,,,,128.122.108.145,443,2019-04-19T07:45:21.000Z,,,,,,"The SPL component in PHP before 5.4.30 and 5.5.x before 5.5.14 incorrectly anticipates that certain data structures will have the array data type after unserialization, which allows remote attackers to execute arbitrary code via a crafted string that triggers use of a Hashtable destructor, related to ""type confusion"" issues in (1) ArrayObject and (2) SPLObjectStorage.",2014-07-09T04:00:00.000Z,
950345e7-18a7-5101-95fd-f8592e4f855f,,,,CVE-2015-2331,,,,,,,,,,,216.165.127.109,443,2019-04-19T01:41:47.000Z,,,,,,"Integer overflow in the _zip_cdir_new function in zip_dirent.c in libzip 0.11.2 and earlier, as used in the ZIP extension in PHP before 5.4.39, 5.5.x before 5.5.23, and 5.6.x before 5.6.7 and other products, allows remote attackers to cause a denial of service (application crash) or possibly execute arbitrary code via a ZIP archive that contains many entries, leading to a heap-based buffer overflow.",2015-03-30T04:00:00.000Z,
ceb9a2cb-75d0-547d-9d32-eb27ec4a170c,,,,CVE-2014-9705,,,,,,,,,,,216.165.127.109,443,2019-04-19T01:41:47.000Z,,,,,,"Heap-based buffer overflow in the enchant_broker_request_dict function in ext/enchant/enchant.c in PHP before 5.4.38, 5.5.x before 5.5.22, and 5.6.x before 5.6.6 allows remote attackers to execute arbitrary code via vectors that trigger creation of multiple dictionaries.",2015-03-30T04:00:00.000Z,
31996f0f-643e-5718-8d03-65f803ec0519,,,,CVE-2014-9427,,,,,,,,,,,128.122.49.123,443,2019-04-17T21:16:22.000Z,,,,,,"sapi/cgi/cgi_main.c in the CGI component in PHP through 5.4.36, 5.5.x through 5.5.20, and 5.6.x through 5.6.4, when mmap is used to read a .php file, does not properly consider the mapping's length during processing of an invalid file that begins with a # character and lacks a newline character, which causes an out-of-bounds read and might (1) allow remote attackers to obtain sensitive information from php-cgi process memory by leveraging the ability to upload a .php file or (2) trigger unexpected code execution if a valid PHP script is present in memory locations adjacent to the mapping.",2015-01-02T05:00:00.000Z,
afcc49e4-95eb-5d6a-96e9-c132e4cab875,,,,CVE-2014-3669,,,,,,,,,,,128.122.49.123,443,2019-04-17T21:16:22.000Z,,,,,,"Integer overflow in the object_custom function in ext/standard/var_unserializer.c in PHP before 5.4.34, 5.5.x before 5.5.18, and 5.6.x before 5.6.2 allows remote attackers to cause a denial of service (application crash) or possibly execute arbitrary code via an argument to the unserialize function that triggers calculation of a large length value.",2014-10-29T04:00:00.000Z,
ebc8b789-a0e6-5bb3-a230-0cc77d33a2cd,,,,CVE-2014-3515,,,,,,,,,,,128.122.49.123,443,2019-04-17T21:16:22.000Z,,,,,,"The SPL component in PHP before 5.4.30 and 5.5.x before 5.5.14 incorrectly anticipates that certain data structures will have the array data type after unserialization, which allows remote attackers to execute arbitrary code via a crafted string that triggers use of a Hashtable destructor, related to ""type confusion"" issues in (1) ArrayObject and (2) SPLObjectStorage.",2014-07-09T04:00:00.000Z,
c4c6856b-0d7e-5cfa-9e59-38148575ffae,,,,CVE-2014-3515,,,,,,,,,,,128.122.85.21,80,2019-04-14T23:18:47.000Z,,,,,,"The SPL component in PHP before 5.4.30 and 5.5.x before 5.5.14 incorrectly anticipates that certain data structures will have the array data type after unserialization, which allows remote attackers to execute arbitrary code via a crafted string that triggers use of a Hashtable destructor, related to ""type confusion"" issues in (1) ArrayObject and (2) SPLObjectStorage.",2014-07-09T04:00:00.000Z,
334147f5-cac9-54cf-85a1-0d491e1224c8,,,,CVE-2014-3515,,,,,,,,,,,128.122.108.145,80,2019-04-14T23:02:31.000Z,,,,,,"The SPL component in PHP before 5.4.30 and 5.5.x before 5.5.14 incorrectly anticipates that certain data structures will have the array data type after unserialization, which allows remote attackers to execute arbitrary code via a crafted string that triggers use of a Hashtable destructor, related to ""type confusion"" issues in (1) ArrayObject and (2) SPLObjectStorage.",2014-07-09T04:00:00.000Z,
715a4021-2179-5b7c-815c-a85010cb5fe2,,,,CVE-2014-9427,,,,,,,,,,,128.122.108.145,80,2019-04-14T23:02:31.000Z,,,,,,"sapi/cgi/cgi_main.c in the CGI component in PHP through 5.4.36, 5.5.x through 5.5.20, and 5.6.x through 5.6.4, when mmap is used to read a .php file, does not properly consider the mapping's length during processing of an invalid file that begins with a # character and lacks a newline character, which causes an out-of-bounds read and might (1) allow remote attackers to obtain sensitive information from php-cgi process memory by leveraging the ability to upload a .php file or (2) trigger unexpected code execution if a valid PHP script is present in memory locations adjacent to the mapping.",2015-01-02T05:00:00.000Z,
d72ada06-c148-5366-81fc-20585522bd1f,,,,CVE-2014-3669,,,,,,,,,,,128.122.108.145,80,2019-04-14T23:02:31.000Z,,,,,,"Integer overflow in the object_custom function in ext/standard/var_unserializer.c in PHP before 5.4.34, 5.5.x before 5.5.18, and 5.6.x before 5.6.2 allows remote attackers to cause a denial of service (application crash) or possibly execute arbitrary code via an argument to the unserialize function that triggers calculation of a large length value.",2014-10-29T04:00:00.000Z,
1f38c5ad-49cf-5f74-9fd5-63b7903ad09b,,,,CVE-2014-9427,,,,,,,,,,,128.122.8.38,80,2019-04-14T13:48:24.000Z,,,,,,"sapi/cgi/cgi_main.c in the CGI component in PHP through 5.4.36, 5.5.x through 5.5.20, and 5.6.x through 5.6.4, when mmap is used to read a .php file, does not properly consider the mapping's length during processing of an invalid file that begins with a # character and lacks a newline character, which causes an out-of-bounds read and might (1) allow remote attackers to obtain sensitive information from php-cgi process memory by leveraging the ability to upload a .php file or (2) trigger unexpected code execution if a valid PHP script is present in memory locations adjacent to the mapping.",2015-01-02T05:00:00.000Z,
5fcc5d95-a6dd-5327-9146-a399e03e88f4,,,,CVE-2014-3669,,,,,,,,,,,128.122.8.38,80,2019-04-14T13:48:24.000Z,,,,,,"Integer overflow in the object_custom function in ext/standard/var_unserializer.c in PHP before 5.4.34, 5.5.x before 5.5.18, and 5.6.x before 5.6.2 allows remote attackers to cause a denial of service (application crash) or possibly execute arbitrary code via an argument to the unserialize function that triggers calculation of a large length value.",2014-10-29T04:00:00.000Z,
a1fd6e7d-40f3-5908-acc7-f71074e35592,,,,CVE-2014-3515,,,,,,,,,,,128.122.8.38,80,2019-04-14T13:48:24.000Z,,,,,,"The SPL component in PHP before 5.4.30 and 5.5.x before 5.5.14 incorrectly anticipates that certain data structures will have the array data type after unserialization, which allows remote attackers to execute arbitrary code via a crafted string that triggers use of a Hashtable destructor, related to ""type confusion"" issues in (1) ArrayObject and (2) SPLObjectStorage.",2014-07-09T04:00:00.000Z,
96d8f564-694f-50d6-909f-3580725db746,,,,CVE-2014-9427,,,,,,,,,,,128.122.128.72,80,2019-04-14T09:47:08.000Z,,,,,,"sapi/cgi/cgi_main.c in the CGI component in PHP through 5.4.36, 5.5.x through 5.5.20, and 5.6.x through 5.6.4, when mmap is used to read a .php file, does not properly consider the mapping's length during processing of an invalid file that begins with a # character and lacks a newline character, which causes an out-of-bounds read and might (1) allow remote attackers to obtain sensitive information from php-cgi process memory by leveraging the ability to upload a .php file or (2) trigger unexpected code execution if a valid PHP script is present in memory locations adjacent to the mapping.",2015-01-02T05:00:00.000Z,
81956370-6d47-56b4-aa41-2f49d8ae3cf3,,,,CVE-2014-3669,,,,,,,,,,,128.122.49.27,80,2019-04-13T21:54:49.000Z,,,,,,"Integer overflow in the object_custom function in ext/standard/var_unserializer.c in PHP before 5.4.34, 5.5.x before 5.5.18, and 5.6.x before 5.6.2 allows remote attackers to cause a denial of service (application crash) or possibly execute arbitrary code via an argument to the unserialize function that triggers calculation of a large length value.",2014-10-29T04:00:00.000Z,
c6bed70a-d9ee-5d1a-95dd-8ba90ee8a879,,,,CVE-2014-9427,,,,,,,,,,,128.122.49.27,80,2019-04-13T21:54:49.000Z,,,,,,"sapi/cgi/cgi_main.c in the CGI component in PHP through 5.4.36, 5.5.x through 5.5.20, and 5.6.x through 5.6.4, when mmap is used to read a .php file, does not properly consider the mapping's length during processing of an invalid file that begins with a # character and lacks a newline character, which causes an out-of-bounds read and might (1) allow remote attackers to obtain sensitive information from php-cgi process memory by leveraging the ability to upload a .php file or (2) trigger unexpected code execution if a valid PHP script is present in memory locations adjacent to the mapping.",2015-01-02T05:00:00.000Z,
ed580c54-0d19-5650-87d0-2d8e0d869352,,,,CVE-2014-3515,,,,,,,,,,,128.122.49.27,80,2019-04-13T21:54:49.000Z,,,,,,"The SPL component in PHP before 5.4.30 and 5.5.x before 5.5.14 incorrectly anticipates that certain data structures will have the array data type after unserialization, which allows remote attackers to execute arbitrary code via a crafted string that triggers use of a Hashtable destructor, related to ""type confusion"" issues in (1) ArrayObject and (2) SPLObjectStorage.",2014-07-09T04:00:00.000Z,
1df10c09-8fc2-55f3-8bf1-f3b830bd342b,,,,CVE-2014-9705,,,,,,,,,,,216.165.26.240,80,2019-04-13T19:38:49.000Z,,,,,,"Heap-based buffer overflow in the enchant_broker_request_dict function in ext/enchant/enchant.c in PHP before 5.4.38, 5.5.x before 5.5.22, and 5.6.x before 5.6.6 allows remote attackers to execute arbitrary code via vectors that trigger creation of multiple dictionaries.",2015-03-30T04:00:00.000Z,
288e73ba-53ae-50a7-9a01-92e3d9bf77ee,,,,CVE-2015-4026,,,,,,,,,,,216.165.26.240,80,2019-04-13T19:38:49.000Z,,,,,,"The pcntl_exec implementation in PHP before 5.4.41, 5.5.x before 5.5.25, and 5.6.x before 5.6.9 truncates a pathname upon encountering a \x00 character, which might allow remote attackers to bypass intended extension restrictions and execute files with unexpected names via a crafted first argument. NOTE: this vulnerability exists because of an incomplete fix for CVE-2006-7243.",2015-06-09T04:00:00.000Z,
89b37e24-69b3-5e9c-9aeb-5382a8eead42,,,,CVE-2015-2301,,,,,,,,,,,216.165.26.240,80,2019-04-13T19:38:49.000Z,,,,,,Use-after-free vulnerability in the phar_rename_archive function in phar_object.c in PHP before 5.5.22 and 5.6.x before 5.6.6 allows remote attackers to cause a denial of service or possibly have unspecified other impact via vectors that trigger an attempted renaming of a Phar archive to the name of an existing file.,2015-03-30T04:00:00.000Z,
a690cbc2-ff19-5208-85a1-61f9fb43bb9d,,,,CVE-2015-3307,,,,,,,,,,,216.165.26.240,80,2019-04-13T19:38:49.000Z,,,,,,"The phar_parse_metadata function in ext/phar/phar.c in PHP before 5.4.40, 5.5.x before 5.5.24, and 5.6.x before 5.6.8 allows remote attackers to cause a denial of service (heap metadata corruption) or possibly have unspecified other impact via a crafted tar archive.",2015-06-09T04:00:00.000Z,
c4426dcf-8f6d-5da7-aeea-da6d32e5b2cc,,,,CVE-2015-3329,,,,,,,,,,,216.165.26.240,80,2019-04-13T19:38:49.000Z,,,,,,"Multiple stack-based buffer overflows in the phar_set_inode function in phar_internal.h in PHP before 5.4.40, 5.5.x before 5.5.24, and 5.6.x before 5.6.8 allow remote attackers to execute arbitrary code via a crafted length value in a (1) tar, (2) phar, or (3) ZIP archive.",2015-06-09T04:00:00.000Z,
0ddfbc82-383a-5ece-8760-a9c41b91736e,,,,CVE-2014-3669,,,,,,,,,,,128.122.49.123,80,2019-04-13T07:22:03.000Z,,,,,,"Integer overflow in the object_custom function in ext/standard/var_unserializer.c in PHP before 5.4.34, 5.5.x before 5.5.18, and 5.6.x before 5.6.2 allows remote attackers to cause a denial of service (application crash) or possibly execute arbitrary code via an argument to the unserialize function that triggers calculation of a large length value.",2014-10-29T04:00:00.000Z,
7878a7ed-42fa-50af-a42d-21210925a920,,,,CVE-2014-3515,,,,,,,,,,,128.122.49.123,80,2019-04-13T07:22:03.000Z,,,,,,"The SPL component in PHP before 5.4.30 and 5.5.x before 5.5.14 incorrectly anticipates that certain data structures will have the array data type after unserialization, which allows remote attackers to execute arbitrary code via a crafted string that triggers use of a Hashtable destructor, related to ""type confusion"" issues in (1) ArrayObject and (2) SPLObjectStorage.",2014-07-09T04:00:00.000Z,
d6c39fd5-6893-51ec-8401-1482b543db9d,,,,CVE-2014-9427,,,,,,,,,,,128.122.49.123,80,2019-04-13T07:22:03.000Z,,,,,,"sapi/cgi/cgi_main.c in the CGI component in PHP through 5.4.36, 5.5.x through 5.5.20, and 5.6.x through 5.6.4, when mmap is used to read a .php file, does not properly consider the mapping's length during processing of an invalid file that begins with a # character and lacks a newline character, which causes an out-of-bounds read and might (1) allow remote attackers to obtain sensitive information from php-cgi process memory by leveraging the ability to upload a .php file or (2) trigger unexpected code execution if a valid PHP script is present in memory locations adjacent to the mapping.",2015-01-02T05:00:00.000Z,
6abdca97-21c4-513b-82f4-257f8d3e4bfd,,,,CVE-2011-3268,,,,,,,,,,,128.122.108.67,80,2019-04-13T05:45:38.000Z,,,,,,"Buffer overflow in the crypt function in PHP before 5.3.7 allows context-dependent attackers to have an unspecified impact via a long salt argument, a different vulnerability than CVE-2011-2483.",2011-08-25T04:00:00.000Z,
07b03ad7-d05d-5df2-a22b-a728f790aa2f,,,,CVE-2014-3669,,,,,,,,,,,128.122.4.236,80,2019-04-13T05:08:56.000Z,,,,,,"Integer overflow in the object_custom function in ext/standard/var_unserializer.c in PHP before 5.4.34, 5.5.x before 5.5.18, and 5.6.x before 5.6.2 allows remote attackers to cause a denial of service (application crash) or possibly execute arbitrary code via an argument to the unserialize function that triggers calculation of a large length value.",2014-10-29T04:00:00.000Z,
3131218e-e87f-5ce3-8b7b-96bea5c32282,,,,CVE-2014-9427,,,,,,,,,,,128.122.128.25,80,2019-04-13T04:36:28.000Z,,,,,,"sapi/cgi/cgi_main.c in the CGI component in PHP through 5.4.36, 5.5.x through 5.5.20, and 5.6.x through 5.6.4, when mmap is used to read a .php file, does not properly consider the mapping's length during processing of an invalid file that begins with a # character and lacks a newline character, which causes an out-of-bounds read and might (1) allow remote attackers to obtain sensitive information from php-cgi process memory by leveraging the ability to upload a .php file or (2) trigger unexpected code execution if a valid PHP script is present in memory locations adjacent to the mapping.",2015-01-02T05:00:00.000Z,
1c549c91-f437-5a3e-9c63-9be77380fb6d,,,,CVE-2014-3669,,,,,,,,,,,128.122.4.13,80,2019-04-12T20:23:08.000Z,,,,,,"Integer overflow in the object_custom function in ext/standard/var_unserializer.c in PHP before 5.4.34, 5.5.x before 5.5.18, and 5.6.x before 5.6.2 allows remote attackers to cause a denial of service (application crash) or possibly execute arbitrary code via an argument to the unserialize function that triggers calculation of a large length value.",2014-10-29T04:00:00.000Z,
3012b538-a17c-51aa-8281-b49574afffc5,,,,CVE-2014-9427,,,,,,,,,,,128.122.4.13,80,2019-04-12T20:23:08.000Z,,,,,,"sapi/cgi/cgi_main.c in the CGI component in PHP through 5.4.36, 5.5.x through 5.5.20, and 5.6.x through 5.6.4, when mmap is used to read a .php file, does not properly consider the mapping's length during processing of an invalid file that begins with a # character and lacks a newline character, which causes an out-of-bounds read and might (1) allow remote attackers to obtain sensitive information from php-cgi process memory by leveraging the ability to upload a .php file or (2) trigger unexpected code execution if a valid PHP script is present in memory locations adjacent to the mapping.",2015-01-02T05:00:00.000Z,
49b05006-e637-558f-96e2-af4782a698e0,,,,CVE-2014-3515,,,,,,,,,,,128.122.4.13,80,2019-04-12T20:23:08.000Z,,,,,,"The SPL component in PHP before 5.4.30 and 5.5.x before 5.5.14 incorrectly anticipates that certain data structures will have the array data type after unserialization, which allows remote attackers to execute arbitrary code via a crafted string that triggers use of a Hashtable destructor, related to ""type confusion"" issues in (1) ArrayObject and (2) SPLObjectStorage.",2014-07-09T04:00:00.000Z,
13d21e3e-ee50-51bb-9b0e-692a0b2b1f64,,,,CVE-2014-3515,,,,,,,,,,,128.122.4.48,80,2019-04-12T18:56:26.000Z,,,,,,"The SPL component in PHP before 5.4.30 and 5.5.x before 5.5.14 incorrectly anticipates that certain data structures will have the array data type after unserialization, which allows remote attackers to execute arbitrary code via a crafted string that triggers use of a Hashtable destructor, related to ""type confusion"" issues in (1) ArrayObject and (2) SPLObjectStorage.",2014-07-09T04:00:00.000Z,
74cb5869-7eee-5ba0-a464-1ab2086e7f52,,,,CVE-2014-9427,,,,,,,,,,,128.122.4.48,80,2019-04-12T18:56:26.000Z,,,,,,"sapi/cgi/cgi_main.c in the CGI component in PHP through 5.4.36, 5.5.x through 5.5.20, and 5.6.x through 5.6.4, when mmap is used to read a .php file, does not properly consider the mapping's length during processing of an invalid file that begins with a # character and lacks a newline character, which causes an out-of-bounds read and might (1) allow remote attackers to obtain sensitive information from php-cgi process memory by leveraging the ability to upload a .php file or (2) trigger unexpected code execution if a valid PHP script is present in memory locations adjacent to the mapping.",2015-01-02T05:00:00.000Z,
a965d3a2-a351-554f-a893-3808e234fbab,,,,CVE-2014-3669,,,,,,,,,,,128.122.4.48,80,2019-04-12T18:56:26.000Z,,,,,,"Integer overflow in the object_custom function in ext/standard/var_unserializer.c in PHP before 5.4.34, 5.5.x before 5.5.18, and 5.6.x before 5.6.2 allows remote attackers to cause a denial of service (application crash) or possibly execute arbitrary code via an argument to the unserialize function that triggers calculation of a large length value.",2014-10-29T04:00:00.000Z,