Issue ID,First Observed,Last Observed,CVE,Vulnerability,domain,Certificate Common Name,ipAddress,ipAddresses,hostname,port,email,productName,productVersion,IP Address,Port,CVE Publish Date,Last Observed,banner,Data,source,url,explanation,vulnerabilityDescription,Last Observed
11e8a0a0-7524-5f3e-9d31-81e8a22826da,,,,CVE-2009-4565,,,,,,,,,,128.122.128.10,587,2010-01-04T05:00:00.000Z,2020-03-11T19:34:22.000Z,,,,,,"sendmail before 8.14.4 does not properly handle a '0' character in a Common Name (CN) field of an X.509 certificate, which (1) allows man-in-the-middle attackers to spoof arbitrary SSL-based SMTP servers via a crafted server certificate issued by a legitimate Certification Authority, and (2) allows remote attackers to bypass intended access restrictions via a crafted client certificate issued by a legitimate Certification Authority, a related issue to CVE-2009-2408.",
ba743d63-620d-5a56-b397-abf54ba924d1,,,,CVE-2006-0058,,,,,,,,,,128.122.128.10,587,2006-03-22T05:00:00.000Z,2020-03-11T19:34:22.000Z,,,,,,Signal handler race condition in Sendmail 8.13.x before 8.13.6 allows remote attackers to execute arbitrary code by triggering timeouts in a way that causes the setjmp and longjmp function calls to be interrupted and modify unexpected memory locations.,
5f71c944-6a7f-58f6-9212-2761cf90653b,,,,CVE-2009-4565,,,,,,,,,,193.175.54.5,587,2010-01-04T05:00:00.000Z,2020-03-11T18:08:12.000Z,,,,,,"sendmail before 8.14.4 does not properly handle a '\0' character in a Common Name (CN) field of an X.509 certificate, which (1) allows man-in-the-middle attackers to spoof arbitrary SSL-based SMTP servers via a crafted server certificate issued by a legitimate Certification Authority, and (2) allows remote attackers to bypass intended access restrictions via a crafted client certificate issued by a legitimate Certification Authority, a related issue to CVE-2009-2408.",
82eebd27-8808-502e-8551-02cae981b65f,,,,CVE-2006-0058,,,,,,,,,,193.175.54.5,587,2006-03-22T05:00:00.000Z,2020-03-11T18:08:12.000Z,,,,,,Signal handler race condition in Sendmail 8.13.x before 8.13.6 allows remote attackers to execute arbitrary code by triggering timeouts in a way that causes the setjmp and longjmp function calls to be interrupted and modify unexpected memory locations.,
222c09d5-7c43-5589-b45f-38c46096aa78,,,,CVE-2014-3669,,,,,,,,,,128.122.49.75,443,2014-10-29T04:00:00.000Z,2020-03-10T14:16:45.000Z,,,,,,"Integer overflow in the object_custom function in ext/standard/var_unserializer.c in PHP before 5.4.34, 5.5.x before 5.5.18, and 5.6.x before 5.6.2 allows remote attackers to cause a denial of service (application crash) or possibly execute arbitrary code via an argument to the unserialize function that triggers calculation of a large length value.",
7911dd75-22fa-55a5-9ed4-46473aa963e5,,,,CVE-2014-3515,,,,,,,,,,128.122.49.75,443,2014-07-09T04:00:00.000Z,2020-03-10T14:16:45.000Z,,,,,,"The SPL component in PHP before 5.4.30 and 5.5.x before 5.5.14 incorrectly anticipates that certain data structures will have the array data type after unserialization, which allows remote attackers to execute arbitrary code via a crafted string that triggers use of a Hashtable destructor, related to ""type confusion"" issues in (1) ArrayObject and (2) SPLObjectStorage.",
d1072722-310a-590f-9525-713e46ed2355,,,,CVE-2014-9427,,,,,,,,,,128.122.49.75,443,2015-01-02T05:00:00.000Z,2020-03-10T14:16:45.000Z,,,,,,"sapi/cgi/cgi_main.c in the CGI component in PHP through 5.4.36, 5.5.x through 5.5.20, and 5.6.x through 5.6.4, when mmap is used to read a .php file, does not properly consider the mapping's length during processing of an invalid file that begins with a # character and lacks a newline character, which causes an out-of-bounds read and might (1) allow remote attackers to obtain sensitive information from php-cgi process memory by leveraging the ability to upload a .php file or (2) trigger unexpected code execution if a valid PHP script is present in memory locations adjacent to the mapping.",
0f9f857f-03db-530a-bb3b-32cb9e295f9d,,,,CVE-2014-3515,,,,,,,,,,128.122.49.17,443,2014-07-09T04:00:00.000Z,2020-03-10T14:15:38.000Z,,,,,,"The SPL component in PHP before 5.4.30 and 5.5.x before 5.5.14 incorrectly anticipates that certain data structures will have the array data type after unserialization, which allows remote attackers to execute arbitrary code via a crafted string that triggers use of a Hashtable destructor, related to ""type confusion"" issues in (1) ArrayObject and (2) SPLObjectStorage.",
15ed28a8-9d08-5b29-abc2-e6f1529aae3f,,,,CVE-2014-3669,,,,,,,,,,128.122.49.17,443,2014-10-29T04:00:00.000Z,2020-03-10T14:15:38.000Z,,,,,,"Integer overflow in the object_custom function in ext/standard/var_unserializer.c in PHP before 5.4.34, 5.5.x before 5.5.18, and 5.6.x before 5.6.2 allows remote attackers to cause a denial of service (application crash) or possibly execute arbitrary code via an argument to the unserialize function that triggers calculation of a large length value.",
3c5a5562-a67e-5644-a429-9e33cf3c48eb,,,,CVE-2014-9427,,,,,,,,,,128.122.49.17,443,2015-01-02T05:00:00.000Z,2020-03-10T14:15:38.000Z,,,,,,"sapi/cgi/cgi_main.c in the CGI component in PHP through 5.4.36, 5.5.x through 5.5.20, and 5.6.x through 5.6.4, when mmap is used to read a .php file, does not properly consider the mapping's length during processing of an invalid file that begins with a # character and lacks a newline character, which causes an out-of-bounds read and might (1) allow remote attackers to obtain sensitive information from php-cgi process memory by leveraging the ability to upload a .php file or (2) trigger unexpected code execution if a valid PHP script is present in memory locations adjacent to the mapping.",
20a08139-bd5b-5ecb-ae8f-aefd71a3f857,,,,CVE-2014-3669,,,,,,,,,,128.122.120.72,443,2014-10-29T04:00:00.000Z,2020-03-10T11:58:17.000Z,,,,,,"Integer overflow in the object_custom function in ext/standard/var_unserializer.c in PHP before 5.4.34, 5.5.x before 5.5.18, and 5.6.x before 5.6.2 allows remote attackers to cause a denial of service (application crash) or possibly execute arbitrary code via an argument to the unserialize function that triggers calculation of a large length value.",
c5accf91-7dd0-5879-be36-1356aa63fb2f,,,,CVE-2014-3515,,,,,,,,,,128.122.120.72,443,2014-07-09T04:00:00.000Z,2020-03-10T11:58:17.000Z,,,,,,"The SPL component in PHP before 5.4.30 and 5.5.x before 5.5.14 incorrectly anticipates that certain data structures will have the array data type after unserialization, which allows remote attackers to execute arbitrary code via a crafted string that triggers use of a Hashtable destructor, related to ""type confusion"" issues in (1) ArrayObject and (2) SPLObjectStorage.",
d7907362-cc3c-5f7c-9f97-1f7dafd2cf65,,,,CVE-2014-9427,,,,,,,,,,128.122.120.72,443,2015-01-02T05:00:00.000Z,2020-03-10T11:58:17.000Z,,,,,,"sapi/cgi/cgi_main.c in the CGI component in PHP through 5.4.36, 5.5.x through 5.5.20, and 5.6.x through 5.6.4, when mmap is used to read a .php file, does not properly consider the mapping's length during processing of an invalid file that begins with a # character and lacks a newline character, which causes an out-of-bounds read and might (1) allow remote attackers to obtain sensitive information from php-cgi process memory by leveraging the ability to upload a .php file or (2) trigger unexpected code execution if a valid PHP script is present in memory locations adjacent to the mapping.",
b0a67991-c6a8-5b67-bde3-073c076b5113,,,,CVE-2011-3268,,,,,,,,,,128.238.66.55,443,2011-08-25T04:00:00.000Z,2020-03-10T11:29:05.000Z,,,,,,"Buffer overflow in the crypt function in PHP before 5.3.7 allows context-dependent attackers to have an unspecified impact via a long salt argument, a different vulnerability than CVE-2011-2483.",
f8f4a876-b3f5-5509-ab7b-bac0773bb31a,,,,CVE-2014-9427,,,,,,,,,,128.238.66.55,443,2015-01-02T05:00:00.000Z,2020-03-10T11:29:05.000Z,,,,,,"sapi/cgi/cgi_main.c in the CGI component in PHP through 5.4.36, 5.5.x through 5.5.20, and 5.6.x through 5.6.4, when mmap is used to read a .php file, does not properly consider the mapping's length during processing of an invalid file that begins with a # character and lacks a newline character, which causes an out-of-bounds read and might (1) allow remote attackers to obtain sensitive information from php-cgi process memory by leveraging the ability to upload a .php file or (2) trigger unexpected code execution if a valid PHP script is present in memory locations adjacent to the mapping.",
23082cdf-ce0f-569a-9ac4-3311b7fdef0b,,,,CVE-2014-3669,,,,,,,,,,128.122.4.12,443,2014-10-29T04:00:00.000Z,2020-03-10T09:49:39.000Z,,,,,,"Integer overflow in the object_custom function in ext/standard/var_unserializer.c in PHP before 5.4.34, 5.5.x before 5.5.18, and 5.6.x before 5.6.2 allows remote attackers to cause a denial of service (application crash) or possibly execute arbitrary code via an argument to the unserialize function that triggers calculation of a large length value.",
28d1b03b-a1cd-509a-94c9-98d9c11bd1c5,,,,CVE-2014-3515,,,,,,,,,,128.122.4.12,443,2014-07-09T04:00:00.000Z,2020-03-10T09:49:39.000Z,,,,,,"The SPL component in PHP before 5.4.30 and 5.5.x before 5.5.14 incorrectly anticipates that certain data structures will have the array data type after unserialization, which allows remote attackers to execute arbitrary code via a crafted string that triggers use of a Hashtable destructor, related to ""type confusion"" issues in (1) ArrayObject and (2) SPLObjectStorage.",
6f2727a4-c1f2-58b6-86d8-562f5dcee23c,,,,CVE-2014-9427,,,,,,,,,,128.122.4.12,443,2015-01-02T05:00:00.000Z,2020-03-10T09:49:39.000Z,,,,,,"sapi/cgi/cgi_main.c in the CGI component in PHP through 5.4.36, 5.5.x through 5.5.20, and 5.6.x through 5.6.4, when mmap is used to read a .php file, does not properly consider the mapping's length during processing of an invalid file that begins with a # character and lacks a newline character, which causes an out-of-bounds read and might (1) allow remote attackers to obtain sensitive information from php-cgi process memory by leveraging the ability to upload a .php file or (2) trigger unexpected code execution if a valid PHP script is present in memory locations adjacent to the mapping.",
41941c4f-76b3-54b1-b4d4-6af5b5036658,,,,CVE-2014-9427,,,,,,,,,,128.122.128.72,443,2015-01-02T05:00:00.000Z,2020-03-10T09:42:02.000Z,,,,,,"sapi/cgi/cgi_main.c in the CGI component in PHP through 5.4.36, 5.5.x through 5.5.20, and 5.6.x through 5.6.4, when mmap is used to read a .php file, does not properly consider the mapping's length during processing of an invalid file that begins with a # character and lacks a newline character, which causes an out-of-bounds read and might (1) allow remote attackers to obtain sensitive information from php-cgi process memory by leveraging the ability to upload a .php file or (2) trigger unexpected code execution if a valid PHP script is present in memory locations adjacent to the mapping.",
a3b77981-0919-5723-8349-23282834d4ad,,,,CVE-2014-9427,,,,,,,,,,128.122.128.25,443,2015-01-02T05:00:00.000Z,2020-03-10T09:39:23.000Z,,,,,,"sapi/cgi/cgi_main.c in the CGI component in PHP through 5.4.36, 5.5.x through 5.5.20, and 5.6.x through 5.6.4, when mmap is used to read a .php file, does not properly consider the mapping's length during processing of an invalid file that begins with a # character and lacks a newline character, which causes an out-of-bounds read and might (1) allow remote attackers to obtain sensitive information from php-cgi process memory by leveraging the ability to upload a .php file or (2) trigger unexpected code execution if a valid PHP script is present in memory locations adjacent to the mapping.",
09ab719e-2400-5015-ad6c-85783f302d48,,,,CVE-2014-3669,,,,,,,,,,128.238.26.32,80,2014-10-29T04:00:00.000Z,2020-03-10T08:51:15.942Z,,,,,,"Integer overflow in the object_custom function in ext/standard/var_unserializer.c in PHP before 5.4.34, 5.5.x before 5.5.18, and 5.6.x before 5.6.2 allows remote attackers to cause a denial of service (application crash) or possibly execute arbitrary code via an argument to the unserialize function that triggers calculation of a large length value.",
2335971e-2b27-536d-8b29-2a1bf3997f82,,,,CVE-2014-3515,,,,,,,,,,128.238.26.32,80,2014-07-09T04:00:00.000Z,2020-03-10T08:51:15.942Z,,,,,,"The SPL component in PHP before 5.4.30 and 5.5.x before 5.5.14 incorrectly anticipates that certain data structures will have the array data type after unserialization, which allows remote attackers to execute arbitrary code via a crafted string that triggers use of a Hashtable destructor, related to ""type confusion"" issues in (1) ArrayObject and (2) SPLObjectStorage.",
2e744f9e-8291-5be4-9928-9528a897a5be,,,,CVE-2014-9427,,,,,,,,,,128.238.26.32,80,2015-01-02T05:00:00.000Z,2020-03-10T08:51:15.942Z,,,,,,"sapi/cgi/cgi_main.c in the CGI component in PHP through 5.4.36, 5.5.x through 5.5.20, and 5.6.x through 5.6.4, when mmap is used to read a .php file, does not properly consider the mapping's length during processing of an invalid file that begins with a # character and lacks a newline character, which causes an out-of-bounds read and might (1) allow remote attackers to obtain sensitive information from php-cgi process memory by leveraging the ability to upload a .php file or (2) trigger unexpected code execution if a valid PHP script is present in memory locations adjacent to the mapping.",
179c1751-f642-5baf-983d-c04043f15aed,,,,CVE-2015-2331,,,,,,,,,,128.238.63.75,443,2015-03-30T04:00:00.000Z,2020-03-10T04:42:31.000Z,,,,,,"Integer overflow in the _zip_cdir_new function in zip_dirent.c in libzip 0.11.2 and earlier, as used in the ZIP extension in PHP before 5.4.39, 5.5.x before 5.5.23, and 5.6.x before 5.6.7 and other products, allows remote attackers to cause a denial of service (application crash) or possibly execute arbitrary code via a ZIP archive that contains many entries, leading to a heap-based buffer overflow.",
2c98287a-7730-5485-a882-62530c400dbd,,,,CVE-2014-8142,,,,,,,,,,128.238.63.75,443,2014-12-20T05:00:00.000Z,2020-03-10T04:42:31.000Z,,,,,,"Use-after-free vulnerability in the process_nested_data function in ext/standard/var_unserializer.re in PHP before 5.4.36, 5.5.x before 5.5.20, and 5.6.x before 5.6.4 allows remote attackers to execute arbitrary code via a crafted unserialize call that leverages improper handling of duplicate keys within the serialized properties of an object, a different vulnerability than CVE-2004-1019.",
3210d076-174e-5373-aa25-c68226308219,,,,CVE-2014-9653,,,,,,,,,,128.238.63.75,443,2015-03-30T04:00:00.000Z,2020-03-10T04:42:31.000Z,,,,,,"readelf.c in file before 5.22, as used in the Fileinfo component in PHP before 5.4.37, 5.5.x before 5.5.21, and 5.6.x before 5.6.5, does not consider that pread calls sometimes read only a subset of the available data, which allows remote attackers to cause a denial of service (uninitialized memory access) or possibly have unspecified other impact via a crafted ELF file.",
48c398d1-7daa-5f4f-8c9c-76d861531168,,,,CVE-2015-2301,,,,,,,,,,128.238.63.75,443,2015-03-30T04:00:00.000Z,2020-03-10T04:42:31.000Z,,,,,,Use-after-free vulnerability in the phar_rename_archive function in phar_object.c in PHP before 5.5.22 and 5.6.x before 5.6.6 allows remote attackers to cause a denial of service or possibly have unspecified other impact via vectors that trigger an attempted renaming of a Phar archive to the name of an existing file.,
63de5037-5749-5f7d-b376-6bdab3267000,,,,CVE-2014-9427,,,,,,,,,,128.238.63.75,443,2015-01-02T05:00:00.000Z,2020-03-10T04:42:31.000Z,,,,,,"sapi/cgi/cgi_main.c in the CGI component in PHP through 5.4.36, 5.5.x through 5.5.20, and 5.6.x through 5.6.4, when mmap is used to read a .php file, does not properly consider the mapping's length during processing of an invalid file that begins with a # character and lacks a newline character, which causes an out-of-bounds read and might (1) allow remote attackers to obtain sensitive information from php-cgi process memory by leveraging the ability to upload a .php file or (2) trigger unexpected code execution if a valid PHP script is present in memory locations adjacent to the mapping.",
6aaf2077-04de-52bf-89db-9bc6af6a7366,,,,CVE-2014-3515,,,,,,,,,,128.238.63.75,443,2014-07-09T04:00:00.000Z,2020-03-10T04:42:31.000Z,,,,,,"The SPL component in PHP before 5.4.30 and 5.5.x before 5.5.14 incorrectly anticipates that certain data structures will have the array data type after unserialization, which allows remote attackers to execute arbitrary code via a crafted string that triggers use of a Hashtable destructor, related to ""type confusion"" issues in (1) ArrayObject and (2) SPLObjectStorage.",
6ec6db73-6c4a-535a-a94d-a8d476d793d3,,,,CVE-2015-3307,,,,,,,,,,128.238.63.75,443,2015-06-09T04:00:00.000Z,2020-03-10T04:42:31.000Z,,,,,,"The phar_parse_metadata function in ext/phar/phar.c in PHP before 5.4.40, 5.5.x before 5.5.24, and 5.6.x before 5.6.8 allows remote attackers to cause a denial of service (heap metadata corruption) or possibly have unspecified other impact via a crafted tar archive.",
79a47231-0b94-5a1b-b5be-ea59a37bd709,,,,CVE-2015-4026,,,,,,,,,,128.238.63.75,443,2015-06-09T04:00:00.000Z,2020-03-10T04:42:31.000Z,,,,,,"The pcntl_exec implementation in PHP before 5.4.41, 5.5.x before 5.5.25, and 5.6.x before 5.6.9 truncates a pathname upon encountering a x00 character, which might allow remote attackers to bypass intended extension restrictions and execute files with unexpected names via a crafted first argument. NOTE: this vulnerability exists because of an incomplete fix for CVE-2006-7243.",
878678bf-652f-5d99-b55d-d773abb820b0,,,,CVE-2015-4022,,,,,,,,,,128.238.63.75,443,2015-06-09T04:00:00.000Z,2020-03-10T04:42:31.000Z,,,,,,"Integer overflow in the ftp_genlist function in ext/ftp/ftp.c in PHP before 5.4.41, 5.5.x before 5.5.25, and 5.6.x before 5.6.9 allows remote FTP servers to execute arbitrary code via a long reply to a LIST command, leading to a heap-based buffer overflow.",
e392f48a-53c8-587c-a99d-f6ea39287761,,,,CVE-2015-3329,,,,,,,,,,128.238.63.75,443,2015-06-09T04:00:00.000Z,2020-03-10T04:42:31.000Z,,,,,,"Multiple stack-based buffer overflows in the phar_set_inode function in phar_internal.h in PHP before 5.4.40, 5.5.x before 5.5.24, and 5.6.x before 5.6.8 allow remote attackers to execute arbitrary code via a crafted length value in a (1) tar, (2) phar, or (3) ZIP archive.",
e3ff417c-96e7-58f5-aa93-5736fca7e9f1,,,,CVE-2014-3669,,,,,,,,,,128.238.63.75,443,2014-10-29T04:00:00.000Z,2020-03-10T04:42:31.000Z,,,,,,"Integer overflow in the object_custom function in ext/standard/var_unserializer.c in PHP before 5.4.34, 5.5.x before 5.5.18, and 5.6.x before 5.6.2 allows remote attackers to cause a denial of service (application crash) or possibly execute arbitrary code via an argument to the unserialize function that triggers calculation of a large length value.",
f8d9383d-28ce-5672-b7c9-70d519186f4b,,,,CVE-2015-4025,,,,,,,,,,128.238.63.75,443,2015-06-09T04:00:00.000Z,2020-03-10T04:42:31.000Z,,,,,,"PHP before 5.4.41, 5.5.x before 5.5.25, and 5.6.x before 5.6.9 truncates a pathname upon encountering a x00 character in certain situations, which allows remote attackers to bypass intended extension restrictions and access files or directories with unexpected names via a crafted argument to (1) set_include_path, (2) tempnam, (3) rmdir, or (4) readlink. NOTE: this vulnerability exists because of an incomplete fix for CVE-2006-7243.",
fe019fff-4254-5826-9b2b-8346a51dbe0b,,,,CVE-2014-9705,,,,,,,,,,128.238.63.75,443,2015-03-30T04:00:00.000Z,2020-03-10T04:42:31.000Z,,,,,,"Heap-based buffer overflow in the enchant_broker_request_dict function in ext/enchant/enchant.c in PHP before 5.4.38, 5.5.x before 5.5.22, and 5.6.x before 5.6.6 allows remote attackers to execute arbitrary code via vectors that trigger creation of multiple dictionaries.",
f4cc791c-4022-577e-8df0-f9a84713ee37,,,,CVE-2014-9427,,,,,,,,,,128.122.128.34,443,2015-01-02T05:00:00.000Z,2020-03-10T03:32:38.000Z,,,,,,"sapi/cgi/cgi_main.c in the CGI component in PHP through 5.4.36, 5.5.x through 5.5.20, and 5.6.x through 5.6.4, when mmap is used to read a .php file, does not properly consider the mapping's length during processing of an invalid file that begins with a # character and lacks a newline character, which causes an out-of-bounds read and might (1) allow remote attackers to obtain sensitive information from php-cgi process memory by leveraging the ability to upload a .php file or (2) trigger unexpected code execution if a valid PHP script is present in memory locations adjacent to the mapping.",
4c839cf2-37be-5514-8d5a-66b2c1afeb60,,,,CVE-2011-3268,,,,,,,,,,128.238.66.31,443,2011-08-25T04:00:00.000Z,2020-03-10T02:29:05.000Z,,,,,,"Buffer overflow in the crypt function in PHP before 5.3.7 allows context-dependent attackers to have an unspecified impact via a long salt argument, a different vulnerability than CVE-2011-2483.",
637000e5-366a-5862-bb02-8f64928c8b50,,,,CVE-2014-9427,,,,,,,,,,128.238.66.31,443,2015-01-02T05:00:00.000Z,2020-03-10T02:29:05.000Z,,,,,,"sapi/cgi/cgi_main.c in the CGI component in PHP through 5.4.36, 5.5.x through 5.5.20, and 5.6.x through 5.6.4, when mmap is used to read a .php file, does not properly consider the mapping's length during processing of an invalid file that begins with a # character and lacks a newline character, which causes an out-of-bounds read and might (1) allow remote attackers to obtain sensitive information from php-cgi process memory by leveraging the ability to upload a .php file or (2) trigger unexpected code execution if a valid PHP script is present in memory locations adjacent to the mapping.",
01a4ec1e-fb29-53b2-abc7-730cc263c98a,,,,CVE-2011-3268,,,,,,,,,,128.238.66.31,80,2011-08-25T04:00:00.000Z,2020-03-10T01:37:40.316Z,,,,,,"Buffer overflow in the crypt function in PHP before 5.3.7 allows context-dependent attackers to have an unspecified impact via a long salt argument, a different vulnerability than CVE-2011-2483.",
cc22dcd7-0983-5e00-b5c6-b92532744c4b,,,,CVE-2014-9427,,,,,,,,,,128.238.66.31,80,2015-01-02T05:00:00.000Z,2020-03-10T01:37:40.316Z,,,,,,"sapi/cgi/cgi_main.c in the CGI component in PHP through 5.4.36, 5.5.x through 5.5.20, and 5.6.x through 5.6.4, when mmap is used to read a .php file, does not properly consider the mapping's length during processing of an invalid file that begins with a # character and lacks a newline character, which causes an out-of-bounds read and might (1) allow remote attackers to obtain sensitive information from php-cgi process memory by leveraging the ability to upload a .php file or (2) trigger unexpected code execution if a valid PHP script is present in memory locations adjacent to the mapping.",
27d39966-5c57-5502-8ed8-844c21b0b0a5,,,,CVE-2014-3669,,,,,,,,,,91.230.41.214,80,2014-10-29T04:00:00.000Z,2020-03-10T00:02:20.118Z,,,,,,"Integer overflow in the object_custom function in ext/standard/var_unserializer.c in PHP before 5.4.34, 5.5.x before 5.5.18, and 5.6.x before 5.6.2 allows remote attackers to cause a denial of service (application crash) or possibly execute arbitrary code via an argument to the unserialize function that triggers calculation of a large length value.",
5421e8fa-723e-5d8f-bd03-a0d59d3a1544,,,,CVE-2014-9427,,,,,,,,,,91.230.41.214,80,2015-01-02T05:00:00.000Z,2020-03-10T00:02:20.118Z,,,,,,"sapi/cgi/cgi_main.c in the CGI component in PHP through 5.4.36, 5.5.x through 5.5.20, and 5.6.x through 5.6.4, when mmap is used to read a .php file, does not properly consider the mapping's length during processing of an invalid file that begins with a # character and lacks a newline character, which causes an out-of-bounds read and might (1) allow remote attackers to obtain sensitive information from php-cgi process memory by leveraging the ability to upload a .php file or (2) trigger unexpected code execution if a valid PHP script is present in memory locations adjacent to the mapping.",
d813b6e2-aa7d-555a-8851-dd300475601a,,,,CVE-2014-3515,,,,,,,,,,91.230.41.214,80,2014-07-09T04:00:00.000Z,2020-03-10T00:02:20.118Z,,,,,,"The SPL component in PHP before 5.4.30 and 5.5.x before 5.5.14 incorrectly anticipates that certain data structures will have the array data type after unserialization, which allows remote attackers to execute arbitrary code via a crafted string that triggers use of a Hashtable destructor, related to ""type confusion"" issues in (1) ArrayObject and (2) SPLObjectStorage.",
749843ef-2274-5fdf-817b-c396c56262dd,,,,CVE-2014-9427,,,,,,,,,,128.238.63.10,80,2015-01-02T05:00:00.000Z,2020-03-10T00:00:29.795Z,,,,,,"sapi/cgi/cgi_main.c in the CGI component in PHP through 5.4.36, 5.5.x through 5.5.20, and 5.6.x through 5.6.4, when mmap is used to read a .php file, does not properly consider the mapping's length during processing of an invalid file that begins with a # character and lacks a newline character, which causes an out-of-bounds read and might (1) allow remote attackers to obtain sensitive information from php-cgi process memory by leveraging the ability to upload a .php file or (2) trigger unexpected code execution if a valid PHP script is present in memory locations adjacent to the mapping.",
bcfae263-13d8-5e9f-8a7f-5467b0a61d1d,,,,CVE-2014-3669,,,,,,,,,,128.238.63.10,80,2014-10-29T04:00:00.000Z,2020-03-10T00:00:29.795Z,,,,,,"Integer overflow in the object_custom function in ext/standard/var_unserializer.c in PHP before 5.4.34, 5.5.x before 5.5.18, and 5.6.x before 5.6.2 allows remote attackers to cause a denial of service (application crash) or possibly execute arbitrary code via an argument to the unserialize function that triggers calculation of a large length value.",
ca1f2a4e-2836-59f1-9ac6-fb8861dc12e9,,,,CVE-2014-3515,,,,,,,,,,128.238.63.10,80,2014-07-09T04:00:00.000Z,2020-03-10T00:00:29.795Z,,,,,,"The SPL component in PHP before 5.4.30 and 5.5.x before 5.5.14 incorrectly anticipates that certain data structures will have the array data type after unserialization, which allows remote attackers to execute arbitrary code via a crafted string that triggers use of a Hashtable destructor, related to ""type confusion"" issues in (1) ArrayObject and (2) SPLObjectStorage.",
a6276d20-4cc3-5061-8b14-724e90602944,,,,CVE-2014-3515,,,,,,,,,,128.238.182.23,80,2014-07-09T04:00:00.000Z,2020-03-09T23:35:47.467Z,,,,,,"The SPL component in PHP before 5.4.30 and 5.5.x before 5.5.14 incorrectly anticipates that certain data structures will have the array data type after unserialization, which allows remote attackers to execute arbitrary code via a crafted string that triggers use of a Hashtable destructor, related to ""type confusion"" issues in (1) ArrayObject and (2) SPLObjectStorage.",
c2a413c0-2d8c-554a-b1a2-98d22723a3cb,,,,CVE-2014-3669,,,,,,,,,,128.238.182.23,80,2014-10-29T04:00:00.000Z,2020-03-09T23:35:47.467Z,,,,,,"Integer overflow in the object_custom function in ext/standard/var_unserializer.c in PHP before 5.4.34, 5.5.x before 5.5.18, and 5.6.x before 5.6.2 allows remote attackers to cause a denial of service (application crash) or possibly execute arbitrary code via an argument to the unserialize function that triggers calculation of a large length value.",
fc130b94-4ba4-5a1d-8d08-18453d80f829,,,,CVE-2014-9427,,,,,,,,,,128.238.182.23,80,2015-01-02T05:00:00.000Z,2020-03-09T23:35:47.467Z,,,,,,"sapi/cgi/cgi_main.c in the CGI component in PHP through 5.4.36, 5.5.x through 5.5.20, and 5.6.x through 5.6.4, when mmap is used to read a .php file, does not properly consider the mapping's length during processing of an invalid file that begins with a # character and lacks a newline character, which causes an out-of-bounds read and might (1) allow remote attackers to obtain sensitive information from php-cgi process memory by leveraging the ability to upload a .php file or (2) trigger unexpected code execution if a valid PHP script is present in memory locations adjacent to the mapping.",
ac84c238-fab3-54f7-a303-8ab2406156a4,,,,CVE-2014-3515,,,,,,,,,,128.122.49.27,443,2014-07-09T04:00:00.000Z,2020-03-09T23:21:50.000Z,,,,,,"The SPL component in PHP before 5.4.30 and 5.5.x before 5.5.14 incorrectly anticipates that certain data structures will have the array data type after unserialization, which allows remote attackers to execute arbitrary code via a crafted string that triggers use of a Hashtable destructor, related to ""type confusion"" issues in (1) ArrayObject and (2) SPLObjectStorage.",
e3e1f019-de3d-5da4-aa26-e2e75b8e0903,,,,CVE-2014-3669,,,,,,,,,,128.122.49.27,443,2014-10-29T04:00:00.000Z,2020-03-09T23:21:50.000Z,,,,,,"Integer overflow in the object_custom function in ext/standard/var_unserializer.c in PHP before 5.4.34, 5.5.x before 5.5.18, and 5.6.x before 5.6.2 allows remote attackers to cause a denial of service (application crash) or possibly execute arbitrary code via an argument to the unserialize function that triggers calculation of a large length value.",
fcec0479-2db3-582a-83e9-66d5fc633bd0,,,,CVE-2014-9427,,,,,,,,,,128.122.49.27,443,2015-01-02T05:00:00.000Z,2020-03-09T23:21:50.000Z,,,,,,"sapi/cgi/cgi_main.c in the CGI component in PHP through 5.4.36, 5.5.x through 5.5.20, and 5.6.x through 5.6.4, when mmap is used to read a .php file, does not properly consider the mapping's length during processing of an invalid file that begins with a # character and lacks a newline character, which causes an out-of-bounds read and might (1) allow remote attackers to obtain sensitive information from php-cgi process memory by leveraging the ability to upload a .php file or (2) trigger unexpected code execution if a valid PHP script is present in memory locations adjacent to the mapping.",
8060484b-08d8-5bae-9e9c-fc265ae45a53,,,,CVE-2014-9427,,,,,,,,,,216.165.26.109,443,2015-01-02T05:00:00.000Z,2020-03-09T21:43:02.000Z,,,,,,"sapi/cgi/cgi_main.c in the CGI component in PHP through 5.4.36, 5.5.x through 5.5.20, and 5.6.x through 5.6.4, when mmap is used to read a .php file, does not properly consider the mapping's length during processing of an invalid file that begins with a # character and lacks a newline character, which causes an out-of-bounds read and might (1) allow remote attackers to obtain sensitive information from php-cgi process memory by leveraging the ability to upload a .php file or (2) trigger unexpected code execution if a valid PHP script is present in memory locations adjacent to the mapping.",
bd16d62b-ce07-51f1-89a1-e0c479d495c0,,,,CVE-2014-3669,,,,,,,,,,216.165.26.109,443,2014-10-29T04:00:00.000Z,2020-03-09T21:43:02.000Z,,,,,,"Integer overflow in the object_custom function in ext/standard/var_unserializer.c in PHP before 5.4.34, 5.5.x before 5.5.18, and 5.6.x before 5.6.2 allows remote attackers to cause a denial of service (application crash) or possibly execute arbitrary code via an argument to the unserialize function that triggers calculation of a large length value.",
f72b185f-eaa6-5cde-b81e-afa2b194ee45,,,,CVE-2014-3515,,,,,,,,,,216.165.26.109,443,2014-07-09T04:00:00.000Z,2020-03-09T21:43:02.000Z,,,,,,"The SPL component in PHP before 5.4.30 and 5.5.x before 5.5.14 incorrectly anticipates that certain data structures will have the array data type after unserialization, which allows remote attackers to execute arbitrary code via a crafted string that triggers use of a Hashtable destructor, related to ""type confusion"" issues in (1) ArrayObject and (2) SPLObjectStorage.",
126c2f15-a21b-533b-b8e3-5fe9ea16ef8d,,,,CVE-2015-4022,,,,,,,,,,128.238.63.75,80,2015-06-09T04:00:00.000Z,2020-03-09T18:46:43.425Z,,,,,,"Integer overflow in the ftp_genlist function in ext/ftp/ftp.c in PHP before 5.4.41, 5.5.x before 5.5.25, and 5.6.x before 5.6.9 allows remote FTP servers to execute arbitrary code via a long reply to a LIST command, leading to a heap-based buffer overflow.",
22978a4e-90f2-5436-b25f-2e375f8841aa,,,,CVE-2015-3329,,,,,,,,,,128.238.63.75,80,2015-06-09T04:00:00.000Z,2020-03-09T18:46:43.425Z,,,,,,"Multiple stack-based buffer overflows in the phar_set_inode function in phar_internal.h in PHP before 5.4.40, 5.5.x before 5.5.24, and 5.6.x before 5.6.8 allow remote attackers to execute arbitrary code via a crafted length value in a (1) tar, (2) phar, or (3) ZIP archive.",
343836e2-bd6f-52c1-88e0-f954cf508bca,,,,CVE-2014-8142,,,,,,,,,,128.238.63.75,80,2014-12-20T05:00:00.000Z,2020-03-09T18:46:43.425Z,,,,,,"Use-after-free vulnerability in the process_nested_data function in ext/standard/var_unserializer.re in PHP before 5.4.36, 5.5.x before 5.5.20, and 5.6.x before 5.6.4 allows remote attackers to execute arbitrary code via a crafted unserialize call that leverages improper handling of duplicate keys within the serialized properties of an object, a different vulnerability than CVE-2004-1019.",
42f9e476-fba3-5de7-8505-8071579719e0,,,,CVE-2015-2331,,,,,,,,,,128.238.63.75,80,2015-03-30T04:00:00.000Z,2020-03-09T18:46:43.425Z,,,,,,"Integer overflow in the _zip_cdir_new function in zip_dirent.c in libzip 0.11.2 and earlier, as used in the ZIP extension in PHP before 5.4.39, 5.5.x before 5.5.23, and 5.6.x before 5.6.7 and other products, allows remote attackers to cause a denial of service (application crash) or possibly execute arbitrary code via a ZIP archive that contains many entries, leading to a heap-based buffer overflow.",
50c7b810-2603-50a3-a898-89889ba40592,,,,CVE-2014-9427,,,,,,,,,,128.238.63.75,80,2015-01-02T05:00:00.000Z,2020-03-09T18:46:43.425Z,,,,,,"sapi/cgi/cgi_main.c in the CGI component in PHP through 5.4.36, 5.5.x through 5.5.20, and 5.6.x through 5.6.4, when mmap is used to read a .php file, does not properly consider the mapping's length during processing of an invalid file that begins with a # character and lacks a newline character, which causes an out-of-bounds read and might (1) allow remote attackers to obtain sensitive information from php-cgi process memory by leveraging the ability to upload a .php file or (2) trigger unexpected code execution if a valid PHP script is present in memory locations adjacent to the mapping.",
52a2c86c-5e51-59da-9397-86e460442411,,,,CVE-2014-3515,,,,,,,,,,128.238.63.75,80,2014-07-09T04:00:00.000Z,2020-03-09T18:46:43.425Z,,,,,,"The SPL component in PHP before 5.4.30 and 5.5.x before 5.5.14 incorrectly anticipates that certain data structures will have the array data type after unserialization, which allows remote attackers to execute arbitrary code via a crafted string that triggers use of a Hashtable destructor, related to ""type confusion"" issues in (1) ArrayObject and (2) SPLObjectStorage.",
572bb25e-2884-506d-b3f9-8747b28c7f9b,,,,CVE-2015-4026,,,,,,,,,,128.238.63.75,80,2015-06-09T04:00:00.000Z,2020-03-09T18:46:43.425Z,,,,,,"The pcntl_exec implementation in PHP before 5.4.41, 5.5.x before 5.5.25, and 5.6.x before 5.6.9 truncates a pathname upon encountering a \x00 character, which might allow remote attackers to bypass intended extension restrictions and execute files with unexpected names via a crafted first argument. NOTE: this vulnerability exists because of an incomplete fix for CVE-2006-7243.",
8e3f55a0-ece2-52fd-931a-6f6d7a08a153,,,,CVE-2014-3669,,,,,,,,,,128.238.63.75,80,2014-10-29T04:00:00.000Z,2020-03-09T18:46:43.425Z,,,,,,"Integer overflow in the object_custom function in ext/standard/var_unserializer.c in PHP before 5.4.34, 5.5.x before 5.5.18, and 5.6.x before 5.6.2 allows remote attackers to cause a denial of service (application crash) or possibly execute arbitrary code via an argument to the unserialize function that triggers calculation of a large length value.",
9c12940f-cc00-5ad9-afd8-e5f5b4d0844e,,,,CVE-2014-9705,,,,,,,,,,128.238.63.75,80,2015-03-30T04:00:00.000Z,2020-03-09T18:46:43.425Z,,,,,,"Heap-based buffer overflow in the enchant_broker_request_dict function in ext/enchant/enchant.c in PHP before 5.4.38, 5.5.x before 5.5.22, and 5.6.x before 5.6.6 allows remote attackers to execute arbitrary code via vectors that trigger creation of multiple dictionaries.",
aaebca72-2c3d-55f0-b128-d3f7da473d69,,,,CVE-2015-4025,,,,,,,,,,128.238.63.75,80,2015-06-09T04:00:00.000Z,2020-03-09T18:46:43.425Z,,,,,,"PHP before 5.4.41, 5.5.x before 5.5.25, and 5.6.x before 5.6.9 truncates a pathname upon encountering a \x00 character in certain situations, which allows remote attackers to bypass intended extension restrictions and access files or directories with unexpected names via a crafted argument to (1) set_include_path, (2) tempnam, (3) rmdir, or (4) readlink. NOTE: this vulnerability exists because of an incomplete fix for CVE-2006-7243.",
cdf3af60-e143-5214-b6ec-d1df37b65296,,,,CVE-2015-3307,,,,,,,,,,128.238.63.75,80,2015-06-09T04:00:00.000Z,2020-03-09T18:46:43.425Z,,,,,,"The phar_parse_metadata function in ext/phar/phar.c in PHP before 5.4.40, 5.5.x before 5.5.24, and 5.6.x before 5.6.8 allows remote attackers to cause a denial of service (heap metadata corruption) or possibly have unspecified other impact via a crafted tar archive.",
daa428ae-a632-54b6-99ae-30a0f1b9f21c,,,,CVE-2014-9653,,,,,,,,,,128.238.63.75,80,2015-03-30T04:00:00.000Z,2020-03-09T18:46:43.425Z,,,,,,"readelf.c in file before 5.22, as used in the Fileinfo component in PHP before 5.4.37, 5.5.x before 5.5.21, and 5.6.x before 5.6.5, does not consider that pread calls sometimes read only a subset of the available data, which allows remote attackers to cause a denial of service (uninitialized memory access) or possibly have unspecified other impact via a crafted ELF file.",
dda58449-3058-5f47-9aab-17aaaff0ad4c,,,,CVE-2015-2301,,,,,,,,,,128.238.63.75,80,2015-03-30T04:00:00.000Z,2020-03-09T18:46:43.425Z,,,,,,Use-after-free vulnerability in the phar_rename_archive function in phar_object.c in PHP before 5.5.22 and 5.6.x before 5.6.6 allows remote attackers to cause a denial of service or possibly have unspecified other impact via vectors that trigger an attempted renaming of a Phar archive to the name of an existing file.,
603e5802-c348-51f5-b437-5f2df676733b,,,,CVE-2014-3515,,,,,,,,,,128.122.130.121,443,2014-07-09T04:00:00.000Z,2020-03-09T18:30:56.000Z,,,,,,"The SPL component in PHP before 5.4.30 and 5.5.x before 5.5.14 incorrectly anticipates that certain data structures will have the array data type after unserialization, which allows remote attackers to execute arbitrary code via a crafted string that triggers use of a Hashtable destructor, related to ""type confusion"" issues in (1) ArrayObject and (2) SPLObjectStorage.",
7e41a7f2-4ad1-5dcf-baae-1cabbf25a240,,,,CVE-2014-3669,,,,,,,,,,128.122.130.121,443,2014-10-29T04:00:00.000Z,2020-03-09T18:30:56.000Z,,,,,,"Integer overflow in the object_custom function in ext/standard/var_unserializer.c in PHP before 5.4.34, 5.5.x before 5.5.18, and 5.6.x before 5.6.2 allows remote attackers to cause a denial of service (application crash) or possibly execute arbitrary code via an argument to the unserialize function that triggers calculation of a large length value.",
ceb275cc-a408-51f3-a6d7-bb3eb30ec067,,,,CVE-2014-9427,,,,,,,,,,128.122.130.121,443,2015-01-02T05:00:00.000Z,2020-03-09T18:30:56.000Z,,,,,,"sapi/cgi/cgi_main.c in the CGI component in PHP through 5.4.36, 5.5.x through 5.5.20, and 5.6.x through 5.6.4, when mmap is used to read a .php file, does not properly consider the mapping's length during processing of an invalid file that begins with a # character and lacks a newline character, which causes an out-of-bounds read and might (1) allow remote attackers to obtain sensitive information from php-cgi process memory by leveraging the ability to upload a .php file or (2) trigger unexpected code execution if a valid PHP script is present in memory locations adjacent to the mapping.",
8246f25e-c0f2-560e-857c-d8b0d191589f,,,,CVE-2011-3268,,,,,,,,,,128.238.66.55,80,2011-08-25T04:00:00.000Z,2020-03-09T17:45:06.713Z,,,,,,"Buffer overflow in the crypt function in PHP before 5.3.7 allows context-dependent attackers to have an unspecified impact via a long salt argument, a different vulnerability than CVE-2011-2483.",
ac27c062-0255-503b-ae95-158d501f01a4,,,,CVE-2014-9427,,,,,,,,,,128.238.66.55,80,2015-01-02T05:00:00.000Z,2020-03-09T17:45:06.713Z,,,,,,"sapi/cgi/cgi_main.c in the CGI component in PHP through 5.4.36, 5.5.x through 5.5.20, and 5.6.x through 5.6.4, when mmap is used to read a .php file, does not properly consider the mapping's length during processing of an invalid file that begins with a # character and lacks a newline character, which causes an out-of-bounds read and might (1) allow remote attackers to obtain sensitive information from php-cgi process memory by leveraging the ability to upload a .php file or (2) trigger unexpected code execution if a valid PHP script is present in memory locations adjacent to the mapping.",
a015db14-aa65-5e5e-a2a2-1c3682b6dc95,,,,CVE-2014-9427,,,,,,,,,,128.238.149.48,80,2015-01-02T05:00:00.000Z,2020-03-09T17:37:25.062Z,,,,,,"sapi/cgi/cgi_main.c in the CGI component in PHP through 5.4.36, 5.5.x through 5.5.20, and 5.6.x through 5.6.4, when mmap is used to read a .php file, does not properly consider the mapping's length during processing of an invalid file that begins with a # character and lacks a newline character, which causes an out-of-bounds read and might (1) allow remote attackers to obtain sensitive information from php-cgi process memory by leveraging the ability to upload a .php file or (2) trigger unexpected code execution if a valid PHP script is present in memory locations adjacent to the mapping.",
075d30a9-aa28-5d2c-a09c-9a419b2e02f7,,,,CVE-2014-3515,,,,,,,,,,128.238.63.11,80,2014-07-09T04:00:00.000Z,2020-03-09T16:32:37.073Z,,,,,,"The SPL component in PHP before 5.4.30 and 5.5.x before 5.5.14 incorrectly anticipates that certain data structures will have the array data type after unserialization, which allows remote attackers to execute arbitrary code via a crafted string that triggers use of a Hashtable destructor, related to ""type confusion"" issues in (1) ArrayObject and (2) SPLObjectStorage.",
dc46e794-b566-5876-aab9-6fb19a503ced,,,,CVE-2014-9427,,,,,,,,,,128.238.63.11,80,2015-01-02T05:00:00.000Z,2020-03-09T16:32:37.073Z,,,,,,"sapi/cgi/cgi_main.c in the CGI component in PHP through 5.4.36, 5.5.x through 5.5.20, and 5.6.x through 5.6.4, when mmap is used to read a .php file, does not properly consider the mapping's length during processing of an invalid file that begins with a # character and lacks a newline character, which causes an out-of-bounds read and might (1) allow remote attackers to obtain sensitive information from php-cgi process memory by leveraging the ability to upload a .php file or (2) trigger unexpected code execution if a valid PHP script is present in memory locations adjacent to the mapping.",
ea03e8b8-e176-5ffe-95db-ea3218242fb7,,,,CVE-2014-3669,,,,,,,,,,128.238.63.11,80,2014-10-29T04:00:00.000Z,2020-03-09T16:32:37.073Z,,,,,,"Integer overflow in the object_custom function in ext/standard/var_unserializer.c in PHP before 5.4.34, 5.5.x before 5.5.18, and 5.6.x before 5.6.2 allows remote attackers to cause a denial of service (application crash) or possibly execute arbitrary code via an argument to the unserialize function that triggers calculation of a large length value.",
7d91140e-33cd-5089-b493-e23dd46c6ee5,,,,CVE-2014-3669,,,,,,,,,,128.238.182.23,443,2014-10-29T04:00:00.000Z,2020-03-09T15:56:55.000Z,,,,,,"Integer overflow in the object_custom function in ext/standard/var_unserializer.c in PHP before 5.4.34, 5.5.x before 5.5.18, and 5.6.x before 5.6.2 allows remote attackers to cause a denial of service (application crash) or possibly execute arbitrary code via an argument to the unserialize function that triggers calculation of a large length value.",
a7609f7c-d67e-5a47-9d17-94833c32b0c4,,,,CVE-2014-9427,,,,,,,,,,128.238.182.23,443,2015-01-02T05:00:00.000Z,2020-03-09T15:56:55.000Z,,,,,,"sapi/cgi/cgi_main.c in the CGI component in PHP through 5.4.36, 5.5.x through 5.5.20, and 5.6.x through 5.6.4, when mmap is used to read a .php file, does not properly consider the mapping's length during processing of an invalid file that begins with a # character and lacks a newline character, which causes an out-of-bounds read and might (1) allow remote attackers to obtain sensitive information from php-cgi process memory by leveraging the ability to upload a .php file or (2) trigger unexpected code execution if a valid PHP script is present in memory locations adjacent to the mapping.",
bdad8f61-2bb8-53d1-aa6b-a5526e2f677e,,,,CVE-2014-3515,,,,,,,,,,128.238.182.23,443,2014-07-09T04:00:00.000Z,2020-03-09T15:56:55.000Z,,,,,,"The SPL component in PHP before 5.4.30 and 5.5.x before 5.5.14 incorrectly anticipates that certain data structures will have the array data type after unserialization, which allows remote attackers to execute arbitrary code via a crafted string that triggers use of a Hashtable destructor, related to ""type confusion"" issues in (1) ArrayObject and (2) SPLObjectStorage.",
32fba202-f1d1-5234-9516-e02731bd4be7,,,,CVE-2014-3669,,,,,,,,,,128.122.86.187,443,2014-10-29T04:00:00.000Z,2020-03-09T15:39:32.000Z,,,,,,"Integer overflow in the object_custom function in ext/standard/var_unserializer.c in PHP before 5.4.34, 5.5.x before 5.5.18, and 5.6.x before 5.6.2 allows remote attackers to cause a denial of service (application crash) or possibly execute arbitrary code via an argument to the unserialize function that triggers calculation of a large length value.",
499114e7-c535-5a82-9487-33d827a8b49c,,,,CVE-2014-9427,,,,,,,,,,128.122.86.187,443,2015-01-02T05:00:00.000Z,2020-03-09T15:39:32.000Z,,,,,,"sapi/cgi/cgi_main.c in the CGI component in PHP through 5.4.36, 5.5.x through 5.5.20, and 5.6.x through 5.6.4, when mmap is used to read a .php file, does not properly consider the mapping's length during processing of an invalid file that begins with a # character and lacks a newline character, which causes an out-of-bounds read and might (1) allow remote attackers to obtain sensitive information from php-cgi process memory by leveraging the ability to upload a .php file or (2) trigger unexpected code execution if a valid PHP script is present in memory locations adjacent to the mapping.",
ed97ceeb-8738-5af6-a787-dec3d7e3974e,,,,CVE-2014-3515,,,,,,,,,,128.122.86.187,443,2014-07-09T04:00:00.000Z,2020-03-09T15:39:32.000Z,,,,,,"The SPL component in PHP before 5.4.30 and 5.5.x before 5.5.14 incorrectly anticipates that certain data structures will have the array data type after unserialization, which allows remote attackers to execute arbitrary code via a crafted string that triggers use of a Hashtable destructor, related to ""type confusion"" issues in (1) ArrayObject and (2) SPLObjectStorage.",
e1923bf3-4ee7-55a5-835a-8860823315b8,,,,CVE-2014-9427,,,,,,,,,,128.122.86.183,443,2015-01-02T05:00:00.000Z,2020-03-09T15:37:46.000Z,,,,,,"sapi/cgi/cgi_main.c in the CGI component in PHP through 5.4.36, 5.5.x through 5.5.20, and 5.6.x through 5.6.4, when mmap is used to read a .php file, does not properly consider the mapping's length during processing of an invalid file that begins with a # character and lacks a newline character, which causes an out-of-bounds read and might (1) allow remote attackers to obtain sensitive information from php-cgi process memory by leveraging the ability to upload a .php file or (2) trigger unexpected code execution if a valid PHP script is present in memory locations adjacent to the mapping.",
30def3e3-c1d6-5439-a841-6f35ea4ef81a,,,,CVE-2014-3669,,,,,,,,,,128.122.49.20,80,2014-10-29T04:00:00.000Z,2020-03-07T07:40:25.000Z,,,,,,"Integer overflow in the object_custom function in ext/standard/var_unserializer.c in PHP before 5.4.34, 5.5.x before 5.5.18, and 5.6.x before 5.6.2 allows remote attackers to cause a denial of service (application crash) or possibly execute arbitrary code via an argument to the unserialize function that triggers calculation of a large length value.",
502b4c1d-4b4d-591d-84e2-1d87a8e8e4d6,,,,CVE-2014-3515,,,,,,,,,,128.122.49.20,80,2014-07-09T04:00:00.000Z,2020-03-07T07:40:25.000Z,,,,,,"The SPL component in PHP before 5.4.30 and 5.5.x before 5.5.14 incorrectly anticipates that certain data structures will have the array data type after unserialization, which allows remote attackers to execute arbitrary code via a crafted string that triggers use of a Hashtable destructor, related to ""type confusion"" issues in (1) ArrayObject and (2) SPLObjectStorage.",
aec96634-d20b-5666-99fb-528283cd098b,,,,CVE-2014-9427,,,,,,,,,,128.122.49.20,80,2015-01-02T05:00:00.000Z,2020-03-07T07:40:25.000Z,,,,,,"sapi/cgi/cgi_main.c in the CGI component in PHP through 5.4.36, 5.5.x through 5.5.20, and 5.6.x through 5.6.4, when mmap is used to read a .php file, does not properly consider the mapping's length during processing of an invalid file that begins with a # character and lacks a newline character, which causes an out-of-bounds read and might (1) allow remote attackers to obtain sensitive information from php-cgi process memory by leveraging the ability to upload a .php file or (2) trigger unexpected code execution if a valid PHP script is present in memory locations adjacent to the mapping.",
43757c66-d387-5c79-92e1-da2cdab84afa,,,,CVE-2014-3515,,,,,,,,,,128.122.49.75,80,2014-07-09T04:00:00.000Z,2020-03-07T07:34:39.000Z,,,,,,"The SPL component in PHP before 5.4.30 and 5.5.x before 5.5.14 incorrectly anticipates that certain data structures will have the array data type after unserialization, which allows remote attackers to execute arbitrary code via a crafted string that triggers use of a Hashtable destructor, related to ""type confusion"" issues in (1) ArrayObject and (2) SPLObjectStorage.",
8858d931-e3f7-5910-bb9f-86047e26c4f2,,,,CVE-2014-9427,,,,,,,,,,128.122.49.75,80,2015-01-02T05:00:00.000Z,2020-03-07T07:34:39.000Z,,,,,,"sapi/cgi/cgi_main.c in the CGI component in PHP through 5.4.36, 5.5.x through 5.5.20, and 5.6.x through 5.6.4, when mmap is used to read a .php file, does not properly consider the mapping's length during processing of an invalid file that begins with a # character and lacks a newline character, which causes an out-of-bounds read and might (1) allow remote attackers to obtain sensitive information from php-cgi process memory by leveraging the ability to upload a .php file or (2) trigger unexpected code execution if a valid PHP script is present in memory locations adjacent to the mapping.",
9fae212e-163f-5f7c-973f-5febad04d66f,,,,CVE-2014-3669,,,,,,,,,,128.122.49.75,80,2014-10-29T04:00:00.000Z,2020-03-07T07:34:39.000Z,,,,,,"Integer overflow in the object_custom function in ext/standard/var_unserializer.c in PHP before 5.4.34, 5.5.x before 5.5.18, and 5.6.x before 5.6.2 allows remote attackers to cause a denial of service (application crash) or possibly execute arbitrary code via an argument to the unserialize function that triggers calculation of a large length value.",
92a644fc-df27-574d-b87f-8b105aa54d81,,,,CVE-2014-3669,,,,,,,,,,128.122.49.17,80,2014-10-29T04:00:00.000Z,2020-03-07T07:31:45.000Z,,,,,,"Integer overflow in the object_custom function in ext/standard/var_unserializer.c in PHP before 5.4.34, 5.5.x before 5.5.18, and 5.6.x before 5.6.2 allows remote attackers to cause a denial of service (application crash) or possibly execute arbitrary code via an argument to the unserialize function that triggers calculation of a large length value.",
b31f77bc-0c8e-56b7-8049-e0494729841e,,,,CVE-2014-9427,,,,,,,,,,128.122.49.17,80,2015-01-02T05:00:00.000Z,2020-03-07T07:31:45.000Z,,,,,,"sapi/cgi/cgi_main.c in the CGI component in PHP through 5.4.36, 5.5.x through 5.5.20, and 5.6.x through 5.6.4, when mmap is used to read a .php file, does not properly consider the mapping's length during processing of an invalid file that begins with a # character and lacks a newline character, which causes an out-of-bounds read and might (1) allow remote attackers to obtain sensitive information from php-cgi process memory by leveraging the ability to upload a .php file or (2) trigger unexpected code execution if a valid PHP script is present in memory locations adjacent to the mapping.",
d2b6a11d-4b14-5b9e-a0a7-16b3aaef7f08,,,,CVE-2014-3515,,,,,,,,,,128.122.49.17,80,2014-07-09T04:00:00.000Z,2020-03-07T07:31:45.000Z,,,,,,"The SPL component in PHP before 5.4.30 and 5.5.x before 5.5.14 incorrectly anticipates that certain data structures will have the array data type after unserialization, which allows remote attackers to execute arbitrary code via a crafted string that triggers use of a Hashtable destructor, related to ""type confusion"" issues in (1) ArrayObject and (2) SPLObjectStorage.",
5c2aac2b-718d-5854-b4e4-e03124236497,,,,CVE-2014-3515,,,,,,,,,,128.122.4.12,80,2014-07-09T04:00:00.000Z,2020-03-07T03:16:51.000Z,,,,,,"The SPL component in PHP before 5.4.30 and 5.5.x before 5.5.14 incorrectly anticipates that certain data structures will have the array data type after unserialization, which allows remote attackers to execute arbitrary code via a crafted string that triggers use of a Hashtable destructor, related to ""type confusion"" issues in (1) ArrayObject and (2) SPLObjectStorage.",
839bf0e8-be29-5a73-b07c-b254d1ad421f,,,,CVE-2014-9427,,,,,,,,,,128.122.4.12,80,2015-01-02T05:00:00.000Z,2020-03-07T03:16:51.000Z,,,,,,"sapi/cgi/cgi_main.c in the CGI component in PHP through 5.4.36, 5.5.x through 5.5.20, and 5.6.x through 5.6.4, when mmap is used to read a .php file, does not properly consider the mapping's length during processing of an invalid file that begins with a # character and lacks a newline character, which causes an out-of-bounds read and might (1) allow remote attackers to obtain sensitive information from php-cgi process memory by leveraging the ability to upload a .php file or (2) trigger unexpected code execution if a valid PHP script is present in memory locations adjacent to the mapping.",
cf5e1697-ca3a-5f51-8870-9a778bba9458,,,,CVE-2014-3669,,,,,,,,,,128.122.4.12,80,2014-10-29T04:00:00.000Z,2020-03-07T03:16:51.000Z,,,,,,"Integer overflow in the object_custom function in ext/standard/var_unserializer.c in PHP before 5.4.34, 5.5.x before 5.5.18, and 5.6.x before 5.6.2 allows remote attackers to cause a denial of service (application crash) or possibly execute arbitrary code via an argument to the unserialize function that triggers calculation of a large length value.",
107f4181-d5ac-5147-9858-2e471f3464b0,,,,CVE-2014-3669,,,,,,,,,,128.122.4.48,80,2014-10-29T04:00:00.000Z,2020-03-07T03:11:58.000Z,,,,,,"Integer overflow in the object_custom function in ext/standard/var_unserializer.c in PHP before 5.4.34, 5.5.x before 5.5.18, and 5.6.x before 5.6.2 allows remote attackers to cause a denial of service (application crash) or possibly execute arbitrary code via an argument to the unserialize function that triggers calculation of a large length value.",
2aa42b5c-9929-542b-a98b-f8dd37f6a808,,,,CVE-2014-3515,,,,,,,,,,128.122.4.48,80,2014-07-09T04:00:00.000Z,2020-03-07T03:11:58.000Z,,,,,,"The SPL component in PHP before 5.4.30 and 5.5.x before 5.5.14 incorrectly anticipates that certain data structures will have the array data type after unserialization, which allows remote attackers to execute arbitrary code via a crafted string that triggers use of a Hashtable destructor, related to ""type confusion"" issues in (1) ArrayObject and (2) SPLObjectStorage.",
45ee3965-cf8c-507d-a349-9335e229a91a,,,,CVE-2014-9427,,,,,,,,,,128.122.4.48,80,2015-01-02T05:00:00.000Z,2020-03-07T03:11:58.000Z,,,,,,"sapi/cgi/cgi_main.c in the CGI component in PHP through 5.4.36, 5.5.x through 5.5.20, and 5.6.x through 5.6.4, when mmap is used to read a .php file, does not properly consider the mapping's length during processing of an invalid file that begins with a # character and lacks a newline character, which causes an out-of-bounds read and might (1) allow remote attackers to obtain sensitive information from php-cgi process memory by leveraging the ability to upload a .php file or (2) trigger unexpected code execution if a valid PHP script is present in memory locations adjacent to the mapping.",
c49a59b5-2c60-51a5-950c-50eb838d44f3,,,,CVE-2014-9427,,,,,,,,,,128.122.128.25,80,2015-01-02T05:00:00.000Z,2020-03-07T03:10:47.000Z,,,,,,"sapi/cgi/cgi_main.c in the CGI component in PHP through 5.4.36, 5.5.x through 5.5.20, and 5.6.x through 5.6.4, when mmap is used to read a .php file, does not properly consider the mapping's length during processing of an invalid file that begins with a # character and lacks a newline character, which causes an out-of-bounds read and might (1) allow remote attackers to obtain sensitive information from php-cgi process memory by leveraging the ability to upload a .php file or (2) trigger unexpected code execution if a valid PHP script is present in memory locations adjacent to the mapping.",
115e45d4-b009-566c-b5ec-462d5c5b43ec,,,,CVE-2014-9427,,,,,,,,,,128.122.128.72,80,2015-01-02T05:00:00.000Z,2020-03-07T03:07:46.000Z,,,,,,"sapi/cgi/cgi_main.c in the CGI component in PHP through 5.4.36, 5.5.x through 5.5.20, and 5.6.x through 5.6.4, when mmap is used to read a .php file, does not properly consider the mapping's length during processing of an invalid file that begins with a # character and lacks a newline character, which causes an out-of-bounds read and might (1) allow remote attackers to obtain sensitive information from php-cgi process memory by leveraging the ability to upload a .php file or (2) trigger unexpected code execution if a valid PHP script is present in memory locations adjacent to the mapping.",
11cee55b-f6f3-5ffc-b3e5-03f53b6949b3,,,,CVE-2014-3515,,,,,,,,,,128.122.8.38,80,2014-07-09T04:00:00.000Z,2020-03-06T22:30:04.000Z,,,,,,"The SPL component in PHP before 5.4.30 and 5.5.x before 5.5.14 incorrectly anticipates that certain data structures will have the array data type after unserialization, which allows remote attackers to execute arbitrary code via a crafted string that triggers use of a Hashtable destructor, related to ""type confusion"" issues in (1) ArrayObject and (2) SPLObjectStorage.",
9c9b9ad1-56df-5779-8e7a-dc98b994dde6,,,,CVE-2014-9427,,,,,,,,,,128.122.8.38,80,2015-01-02T05:00:00.000Z,2020-03-06T22:30:04.000Z,,,,,,"sapi/cgi/cgi_main.c in the CGI component in PHP through 5.4.36, 5.5.x through 5.5.20, and 5.6.x through 5.6.4, when mmap is used to read a .php file, does not properly consider the mapping's length during processing of an invalid file that begins with a # character and lacks a newline character, which causes an out-of-bounds read and might (1) allow remote attackers to obtain sensitive information from php-cgi process memory by leveraging the ability to upload a .php file or (2) trigger unexpected code execution if a valid PHP script is present in memory locations adjacent to the mapping.",
dc5c5c21-1e72-52d3-a96a-317b8317b4b5,,,,CVE-2014-3669,,,,,,,,,,128.122.8.38,80,2014-10-29T04:00:00.000Z,2020-03-06T22:30:04.000Z,,,,,,"Integer overflow in the object_custom function in ext/standard/var_unserializer.c in PHP before 5.4.34, 5.5.x before 5.5.18, and 5.6.x before 5.6.2 allows remote attackers to cause a denial of service (application crash) or possibly execute arbitrary code via an argument to the unserialize function that triggers calculation of a large length value.",
202a5f67-2767-5616-a8f4-05179330b9ba,,,,CVE-2014-9427,,,,,,,,,,128.122.35.88,80,2015-01-02T05:00:00.000Z,2020-03-06T17:15:01.000Z,,,,,,"sapi/cgi/cgi_main.c in the CGI component in PHP through 5.4.36, 5.5.x through 5.5.20, and 5.6.x through 5.6.4, when mmap is used to read a .php file, does not properly consider the mapping's length during processing of an invalid file that begins with a # character and lacks a newline character, which causes an out-of-bounds read and might (1) allow remote attackers to obtain sensitive information from php-cgi process memory by leveraging the ability to upload a .php file or (2) trigger unexpected code execution if a valid PHP script is present in memory locations adjacent to the mapping.",
7e8655dd-1671-5f9b-a40d-370dd6c62a4a,,,,CVE-2011-3268,,,,,,,,,,128.122.35.88,80,2011-08-25T04:00:00.000Z,2020-03-06T17:15:01.000Z,,,,,,"Buffer overflow in the crypt function in PHP before 5.3.7 allows context-dependent attackers to have an unspecified impact via a long salt argument, a different vulnerability than CVE-2011-2483.",
e7eeba2d-e0a4-5a56-8790-86dc9cb388c0,,,,CVE-2014-8626,,,,,,,,,,128.122.35.88,80,2014-11-22T05:00:00.000Z,2020-03-06T17:15:01.000Z,,,,,,"Stack-based buffer overflow in the date_from_ISO8601 function in ext/xmlrpc/libxmlrpc/xmlrpc.c in PHP before 5.2.7 allows remote attackers to cause a denial of service (application crash) or possibly execute arbitrary code by including a timezone field in a date, leading to improper XML-RPC encoding.",
9ced00c0-50bd-5901-b708-711264bf27ba,,,,CVE-2014-9427,,,,,,,,,,128.122.49.27,80,2015-01-02T05:00:00.000Z,2020-03-06T15:28:52.000Z,,,,,,"sapi/cgi/cgi_main.c in the CGI component in PHP through 5.4.36, 5.5.x through 5.5.20, and 5.6.x through 5.6.4, when mmap is used to read a .php file, does not properly consider the mapping's length during processing of an invalid file that begins with a # character and lacks a newline character, which causes an out-of-bounds read and might (1) allow remote attackers to obtain sensitive information from php-cgi process memory by leveraging the ability to upload a .php file or (2) trigger unexpected code execution if a valid PHP script is present in memory locations adjacent to the mapping.",
a3c0f612-4695-50c5-b5f0-1b1a98adc1ed,,,,CVE-2014-3669,,,,,,,,,,128.122.49.27,80,2014-10-29T04:00:00.000Z,2020-03-06T15:28:52.000Z,,,,,,"Integer overflow in the object_custom function in ext/standard/var_unserializer.c in PHP before 5.4.34, 5.5.x before 5.5.18, and 5.6.x before 5.6.2 allows remote attackers to cause a denial of service (application crash) or possibly execute arbitrary code via an argument to the unserialize function that triggers calculation of a large length value.",
df07f042-dfde-54f8-abb9-8044e19b1df7,,,,CVE-2014-3515,,,,,,,,,,128.122.49.27,80,2014-07-09T04:00:00.000Z,2020-03-06T15:28:52.000Z,,,,,,"The SPL component in PHP before 5.4.30 and 5.5.x before 5.5.14 incorrectly anticipates that certain data structures will have the array data type after unserialization, which allows remote attackers to execute arbitrary code via a crafted string that triggers use of a Hashtable destructor, related to ""type confusion"" issues in (1) ArrayObject and (2) SPLObjectStorage.",
81005d0a-d3db-58d1-a67d-c6f290507957,,,,CVE-2014-9427,,,,,,,,,,128.122.235.5,80,2015-01-02T05:00:00.000Z,2020-03-06T13:48:58.000Z,,,,,,"sapi/cgi/cgi_main.c in the CGI component in PHP through 5.4.36, 5.5.x through 5.5.20, and 5.6.x through 5.6.4, when mmap is used to read a .php file, does not properly consider the mapping's length during processing of an invalid file that begins with a # character and lacks a newline character, which causes an out-of-bounds read and might (1) allow remote attackers to obtain sensitive information from php-cgi process memory by leveraging the ability to upload a .php file or (2) trigger unexpected code execution if a valid PHP script is present in memory locations adjacent to the mapping.",
69e8ee7e-cd97-5fb3-b090-cd527260f83f,,,,CVE-2014-9427,,,,,,,,,,128.122.130.72,80,2015-01-02T05:00:00.000Z,2020-03-06T10:55:41.000Z,,,,,,"sapi/cgi/cgi_main.c in the CGI component in PHP through 5.4.36, 5.5.x through 5.5.20, and 5.6.x through 5.6.4, when mmap is used to read a .php file, does not properly consider the mapping's length during processing of an invalid file that begins with a # character and lacks a newline character, which causes an out-of-bounds read and might (1) allow remote attackers to obtain sensitive information from php-cgi process memory by leveraging the ability to upload a .php file or (2) trigger unexpected code execution if a valid PHP script is present in memory locations adjacent to the mapping.",
b491966d-5d66-505f-b27f-791a6370b290,,,,CVE-2014-3515,,,,,,,,,,128.122.130.72,80,2014-07-09T04:00:00.000Z,2020-03-06T10:55:41.000Z,,,,,,"The SPL component in PHP before 5.4.30 and 5.5.x before 5.5.14 incorrectly anticipates that certain data structures will have the array data type after unserialization, which allows remote attackers to execute arbitrary code via a crafted string that triggers use of a Hashtable destructor, related to ""type confusion"" issues in (1) ArrayObject and (2) SPLObjectStorage.",
e98229fb-66be-5c42-abe1-2e68bd083bc0,,,,CVE-2014-3669,,,,,,,,,,128.122.130.72,80,2014-10-29T04:00:00.000Z,2020-03-06T10:55:41.000Z,,,,,,"Integer overflow in the object_custom function in ext/standard/var_unserializer.c in PHP before 5.4.34, 5.5.x before 5.5.18, and 5.6.x before 5.6.2 allows remote attackers to cause a denial of service (application crash) or possibly execute arbitrary code via an argument to the unserialize function that triggers calculation of a large length value.",
6524642b-8f69-5c1f-b393-8e2226b14f28,,,,CVE-2014-9427,,,,,,,,,,128.122.86.187,80,2015-01-02T05:00:00.000Z,2020-03-06T07:46:33.000Z,,,,,,"sapi/cgi/cgi_main.c in the CGI component in PHP through 5.4.36, 5.5.x through 5.5.20, and 5.6.x through 5.6.4, when mmap is used to read a .php file, does not properly consider the mapping's length during processing of an invalid file that begins with a # character and lacks a newline character, which causes an out-of-bounds read and might (1) allow remote attackers to obtain sensitive information from php-cgi process memory by leveraging the ability to upload a .php file or (2) trigger unexpected code execution if a valid PHP script is present in memory locations adjacent to the mapping.",
dcf885d3-131b-5603-8f65-c2d100fceacf,,,,CVE-2014-3669,,,,,,,,,,128.122.86.187,80,2014-10-29T04:00:00.000Z,2020-03-06T07:46:33.000Z,,,,,,"Integer overflow in the object_custom function in ext/standard/var_unserializer.c in PHP before 5.4.34, 5.5.x before 5.5.18, and 5.6.x before 5.6.2 allows remote attackers to cause a denial of service (application crash) or possibly execute arbitrary code via an argument to the unserialize function that triggers calculation of a large length value.",
f7a9e1a9-ce37-508f-8623-06ce8cd5ee3b,,,,CVE-2014-3515,,,,,,,,,,128.122.86.187,80,2014-07-09T04:00:00.000Z,2020-03-06T07:46:33.000Z,,,,,,"The SPL component in PHP before 5.4.30 and 5.5.x before 5.5.14 incorrectly anticipates that certain data structures will have the array data type after unserialization, which allows remote attackers to execute arbitrary code via a crafted string that triggers use of a Hashtable destructor, related to ""type confusion"" issues in (1) ArrayObject and (2) SPLObjectStorage.",
52922456-d4b6-5d38-9e0a-e26a2b61496c,,,,CVE-2014-9427,,,,,,,,,,128.122.86.183,80,2015-01-02T05:00:00.000Z,2020-03-06T07:37:38.000Z,,,,,,"sapi/cgi/cgi_main.c in the CGI component in PHP through 5.4.36, 5.5.x through 5.5.20, and 5.6.x through 5.6.4, when mmap is used to read a .php file, does not properly consider the mapping's length during processing of an invalid file that begins with a # character and lacks a newline character, which causes an out-of-bounds read and might (1) allow remote attackers to obtain sensitive information from php-cgi process memory by leveraging the ability to upload a .php file or (2) trigger unexpected code execution if a valid PHP script is present in memory locations adjacent to the mapping.",
0d90f71e-249e-5652-a9f4-57ef2e84c04d,,,,CVE-2002-2261,,,,,,,,,,128.122.112.176,25,2002-12-31T05:00:00.000Z,2020-03-05T12:06:20.000Z,,,,,,Sendmail 8.9.0 through 8.12.6 allows remote attackers to bypass relaying restrictions enforced by the 'check_relay' function by spoofing a blank DNS hostname.,
66e99683-8228-5bae-a715-ba101ebda62a,,,,CVE-2009-4565,,,,,,,,,,128.122.112.176,25,2010-01-04T05:00:00.000Z,2020-03-05T12:06:20.000Z,,,,,,"sendmail before 8.14.4 does not properly handle a '\0' character in a Common Name (CN) field of an X.509 certificate, which (1) allows man-in-the-middle attackers to spoof arbitrary SSL-based SMTP servers via a crafted server certificate issued by a legitimate Certification Authority, and (2) allows remote attackers to bypass intended access restrictions via a crafted client certificate issued by a legitimate Certification Authority, a related issue to CVE-2009-2408.",
a14c315f-0c2e-518c-bd4d-357381faa580,,,,CVE-2002-0906,,,,,,,,,,128.122.112.176,25,2002-10-04T04:00:00.000Z,2020-03-05T12:06:20.000Z,,,,,,"Buffer overflow in Sendmail before 8.12.5, when configured to use a custom DNS map to query TXT records, allows remote attackers to cause a denial of service and possibly execute arbitrary code via a malicious DNS server.",
a1db6294-e25a-59fb-97ac-a80e8ced23e4,,,,CVE-2002-1337,,,,,,,,,,128.122.112.176,25,2003-03-07T05:00:00.000Z,2020-03-05T12:06:20.000Z,,,,,,"Buffer overflow in Sendmail 5.79 to 8.12.7 allows remote attackers to execute arbitrary code via certain formatted address fields, related to sender and recipient header comments as processed by the crackaddr function of headers.c.",
b5d9f21b-9d5c-568c-b4c3-e6c9720d2b04,,,,CVE-2003-0161,,,,,,,,,,128.122.112.176,25,2003-04-02T05:00:00.000Z,2020-03-05T12:06:20.000Z,,,,,,"The prescan() function in the address parser (parseaddr.c) in Sendmail before 8.12.9 does not properly handle certain conversions from char and int types, which can cause a length check to be disabled when Sendmail misinterprets an input value as a special ""NOCHAR"" control value, allowing attackers to cause a denial of service and possibly execute arbitrary code via a buffer overflow attack using messages, a different vulnerability than CVE-2002-1337.",
7b5f407d-8515-5139-8d04-b12e99a37f24,,,,CVE-2009-4565,,,,,,,,,,128.238.66.35,25,2010-01-04T05:00:00.000Z,2020-03-05T09:12:46.000Z,,,,,,"sendmail before 8.14.4 does not properly handle a '\0' character in a Common Name (CN) field of an X.509 certificate, which (1) allows man-in-the-middle attackers to spoof arbitrary SSL-based SMTP servers via a crafted server certificate issued by a legitimate Certification Authority, and (2) allows remote attackers to bypass intended access restrictions via a crafted client certificate issued by a legitimate Certification Authority, a related issue to CVE-2009-2408.",
788a46b3-6b71-5007-b32e-d4f668234c45,,,,CVE-2009-4565,,,,,,,,,,128.238.66.55,25,2010-01-04T05:00:00.000Z,2020-03-05T09:11:01.000Z,,,,,,"sendmail before 8.14.4 does not properly handle a '\0' character in a Common Name (CN) field of an X.509 certificate, which (1) allows man-in-the-middle attackers to spoof arbitrary SSL-based SMTP servers via a crafted server certificate issued by a legitimate Certification Authority, and (2) allows remote attackers to bypass intended access restrictions via a crafted client certificate issued by a legitimate Certification Authority, a related issue to CVE-2009-2408.",
1104ce29-f517-52fc-977d-34a3fb958553,,,,CVE-2006-0058,,,,,,,,,,128.122.128.2,25,2006-03-22T05:00:00.000Z,2020-03-05T08:41:48.000Z,,,,,,Signal handler race condition in Sendmail 8.13.x before 8.13.6 allows remote attackers to execute arbitrary code by triggering timeouts in a way that causes the setjmp and longjmp function calls to be interrupted and modify unexpected memory locations.,
dfc02056-8def-51f4-a562-cbad01e09428,,,,CVE-2009-4565,,,,,,,,,,128.122.128.2,25,2010-01-04T05:00:00.000Z,2020-03-05T08:41:48.000Z,,,,,,"sendmail before 8.14.4 does not properly handle a '\0' character in a Common Name (CN) field of an X.509 certificate, which (1) allows man-in-the-middle attackers to spoof arbitrary SSL-based SMTP servers via a crafted server certificate issued by a legitimate Certification Authority, and (2) allows remote attackers to bypass intended access restrictions via a crafted client certificate issued by a legitimate Certification Authority, a related issue to CVE-2009-2408.",
629a6849-3c91-5dce-a2ad-d88a3449798c,,,,CVE-2006-0058,,,,,,,,,,128.122.128.10,25,2006-03-22T05:00:00.000Z,2020-03-05T08:41:36.000Z,,,,,,Signal handler race condition in Sendmail 8.13.x before 8.13.6 allows remote attackers to execute arbitrary code by triggering timeouts in a way that causes the setjmp and longjmp function calls to be interrupted and modify unexpected memory locations.,
7074570a-3363-5e93-984c-e558954a60b7,,,,CVE-2009-4565,,,,,,,,,,128.122.128.10,25,2010-01-04T05:00:00.000Z,2020-03-05T08:41:36.000Z,,,,,,"sendmail before 8.14.4 does not properly handle a '\0' character in a Common Name (CN) field of an X.509 certificate, which (1) allows man-in-the-middle attackers to spoof arbitrary SSL-based SMTP servers via a crafted server certificate issued by a legitimate Certification Authority, and (2) allows remote attackers to bypass intended access restrictions via a crafted client certificate issued by a legitimate Certification Authority, a related issue to CVE-2009-2408.",
a3028f9d-dbfc-5a6c-8650-fe95d97c4743,,,,CVE-2009-4565,,,,,,,,,,193.175.54.5,25,2010-01-04T05:00:00.000Z,2020-03-05T05:42:53.000Z,,,,,,"sendmail before 8.14.4 does not properly handle a '\0' character in a Common Name (CN) field of an X.509 certificate, which (1) allows man-in-the-middle attackers to spoof arbitrary SSL-based SMTP servers via a crafted server certificate issued by a legitimate Certification Authority, and (2) allows remote attackers to bypass intended access restrictions via a crafted client certificate issued by a legitimate Certification Authority, a related issue to CVE-2009-2408.",
becbd294-e0dd-5063-83b7-2a0b49ef9e97,,,,CVE-2006-0058,,,,,,,,,,193.175.54.5,25,2006-03-22T05:00:00.000Z,2020-03-05T05:42:53.000Z,,,,,,Signal handler race condition in Sendmail 8.13.x before 8.13.6 allows remote attackers to execute arbitrary code by triggering timeouts in a way that causes the setjmp and longjmp function calls to be interrupted and modify unexpected memory locations.,
c62fe6ac-a19c-5ce2-807e-d91f74e60800,,,,CVE-2016-6515,,,,,,,,,,128.122.224.5,22,2016-08-07T04:00:00.000Z,2020-03-04T13:51:40.000Z,,,,,,"The auth_password function in auth-passwd.c in sshd in OpenSSH before 7.3 does not limit password lengths for password authentication, which allows remote attackers to cause a denial of service (crypt CPU consumption) via a long string.",
1d2e3369-375f-5b19-9f28-9da2f55f30b3,,,,CVE-2016-6515,,,,,,,,,,128.122.250.27,22,2016-08-07T04:00:00.000Z,2020-03-04T12:21:59.000Z,,,,,,"The auth_password function in auth-passwd.c in sshd in OpenSSH before 7.3 does not limit password lengths for password authentication, which allows remote attackers to cause a denial of service (crypt CPU consumption) via a long string.",
bb632ad0-d38b-5ef0-9065-2a5e3628ae93,,,,CVE-2016-6515,,,,,,,,,,128.122.141.21,22,2016-08-07T04:00:00.000Z,2020-03-04T11:15:32.000Z,,,,,,"The auth_password function in auth-passwd.c in sshd in OpenSSH before 7.3 does not limit password lengths for password authentication, which allows remote attackers to cause a denial of service (crypt CPU consumption) via a long string.",
66280453-9dcf-5a2a-9db4-d38fa9bc3b80,,,,CVE-2011-3268,,,,,,,,,,128.238.63.53,443,2011-08-25T04:00:00.000Z,2020-02-16T11:45:03.080Z,,,,,,"Buffer overflow in the crypt function in PHP before 5.3.7 allows context-dependent attackers to have an unspecified impact via a long salt argument, a different vulnerability than CVE-2011-2483.",
a6dc2efb-304d-5f40-94d6-d966f1245f38,,,,CVE-2014-9427,,,,,,,,,,128.238.63.53,443,2015-01-02T05:00:00.000Z,2020-02-16T11:45:03.080Z,,,,,,"sapi/cgi/cgi_main.c in the CGI component in PHP through 5.4.36, 5.5.x through 5.5.20, and 5.6.x through 5.6.4, when mmap is used to read a .php file, does not properly consider the mapping's length during processing of an invalid file that begins with a # character and lacks a newline character, which causes an out-of-bounds read and might (1) allow remote attackers to obtain sensitive information from php-cgi process memory by leveraging the ability to upload a .php file or (2) trigger unexpected code execution if a valid PHP script is present in memory locations adjacent to the mapping.",
e5e59581-8773-5e4b-8f1e-0a56533cc3dc,,,,CVE-2014-8626,,,,,,,,,,128.238.63.53,443,2014-11-22T05:00:00.000Z,2020-02-16T11:45:03.080Z,,,,,,"Stack-based buffer overflow in the date_from_ISO8601 function in ext/xmlrpc/libxmlrpc/xmlrpc.c in PHP before 5.2.7 allows remote attackers to cause a denial of service (application crash) or possibly execute arbitrary code by including a timezone field in a date, leading to improper XML-RPC encoding.",
3c48fbe9-2ca5-51e2-9797-97c4c5a79712,,,,CVE-2016-1908,,,,,,,,,,193.146.139.122,22,2017-04-11T04:00:00.000Z,2020-02-12T15:44:55.033Z,,,,,,"The client in OpenSSH before 7.2 mishandles failed cookie generation for untrusted X11 forwarding and relies on the local X11 server for access-control decisions, which allows remote X11 clients to trigger a fallback and obtain trusted X11 forwarding privileges by leveraging configuration issues on this X11 server, as demonstrated by lack of the SECURITY extension on this X11 server.",
e5d63281-1c26-5e14-a684-d911b140bde3,,,,CVE-2016-6515,,,,,,,,,,193.146.139.122,22,2016-08-07T04:00:00.000Z,2020-02-12T15:44:55.033Z,,,,,,"The auth_password function in auth-passwd.c in sshd in OpenSSH before 7.3 does not limit password lengths for password authentication, which allows remote attackers to cause a denial of service (crypt CPU consumption) via a long string.",
390c0a04-027e-5380-8f94-22ad49078e22,,,,CVE-2016-6515,,,,,,,,,,195.113.94.10,22,2016-08-07T04:00:00.000Z,2020-02-12T12:03:23.521Z,,,,,,"The auth_password function in auth-passwd.c in sshd in OpenSSH before 7.3 does not limit password lengths for password authentication, which allows remote attackers to cause a denial of service (crypt CPU consumption) via a long string.",
eec932f6-d7bb-50f8-99a0-a14c729b58e9,,,,CVE-2016-1908,,,,,,,,,,195.113.94.10,22,2017-04-11T04:00:00.000Z,2020-02-12T12:03:23.521Z,,,,,,"The client in OpenSSH before 7.2 mishandles failed cookie generation for untrusted X11 forwarding and relies on the local X11 server for access-control decisions, which allows remote X11 clients to trigger a fallback and obtain trusted X11 forwarding privileges by leveraging configuration issues on this X11 server, as demonstrated by lack of the SECURITY extension on this X11 server.",
53bc8367-4699-552a-a095-86cdfb2a79a6,,,,CVE-2014-9427,,,,,,,,,,128.122.49.20,443,2015-01-02T05:00:00.000Z,2020-02-12T01:42:47.000Z,,,,,,"sapi/cgi/cgi_main.c in the CGI component in PHP through 5.4.36, 5.5.x through 5.5.20, and 5.6.x through 5.6.4, when mmap is used to read a .php file, does not properly consider the mapping's length during processing of an invalid file that begins with a # character and lacks a newline character, which causes an out-of-bounds read and might (1) allow remote attackers to obtain sensitive information from php-cgi process memory by leveraging the ability to upload a .php file or (2) trigger unexpected code execution if a valid PHP script is present in memory locations adjacent to the mapping.",
c13b8da0-4962-5df7-bb50-629ee8037cd8,,,,CVE-2014-3669,,,,,,,,,,128.122.49.20,443,2014-10-29T04:00:00.000Z,2020-02-12T01:42:47.000Z,,,,,,"Integer overflow in the object_custom function in ext/standard/var_unserializer.c in PHP before 5.4.34, 5.5.x before 5.5.18, and 5.6.x before 5.6.2 allows remote attackers to cause a denial of service (application crash) or possibly execute arbitrary code via an argument to the unserialize function that triggers calculation of a large length value.",
f5ade55c-3914-5c45-aab9-4483008004ff,,,,CVE-2014-3515,,,,,,,,,,128.122.49.20,443,2014-07-09T04:00:00.000Z,2020-02-12T01:42:47.000Z,,,,,,"The SPL component in PHP before 5.4.30 and 5.5.x before 5.5.14 incorrectly anticipates that certain data structures will have the array data type after unserialization, which allows remote attackers to execute arbitrary code via a crafted string that triggers use of a Hashtable destructor, related to ""type confusion"" issues in (1) ArrayObject and (2) SPLObjectStorage.",
07309d02-9a22-50ca-810b-7e4ea5727766,,,,CVE-2014-9427,,,,,,,,,,128.238.63.51,443,2015-01-02T05:00:00.000Z,2020-02-11T11:42:48.000Z,,,,,,"sapi/cgi/cgi_main.c in the CGI component in PHP through 5.4.36, 5.5.x through 5.5.20, and 5.6.x through 5.6.4, when mmap is used to read a .php file, does not properly consider the mapping's length during processing of an invalid file that begins with a # character and lacks a newline character, which causes an out-of-bounds read and might (1) allow remote attackers to obtain sensitive information from php-cgi process memory by leveraging the ability to upload a .php file or (2) trigger unexpected code execution if a valid PHP script is present in memory locations adjacent to the mapping.",
5fe7e3eb-ba9b-5c3c-9a81-60a4393b0d94,,,,CVE-2011-3268,,,,,,,,,,128.238.63.51,443,2011-08-25T04:00:00.000Z,2020-02-11T11:42:48.000Z,,,,,,"Buffer overflow in the crypt function in PHP before 5.3.7 allows context-dependent attackers to have an unspecified impact via a long salt argument, a different vulnerability than CVE-2011-2483.",
ba47dce5-1637-59c3-b7d4-c7ffd658ca7b,,,,CVE-2014-8626,,,,,,,,,,128.238.63.51,443,2014-11-22T05:00:00.000Z,2020-02-11T11:42:48.000Z,,,,,,"Stack-based buffer overflow in the date_from_ISO8601 function in ext/xmlrpc/libxmlrpc/xmlrpc.c in PHP before 5.2.7 allows remote attackers to cause a denial of service (application crash) or possibly execute arbitrary code by including a timezone field in a date, leading to improper XML-RPC encoding.",
1018eaa4-617c-529c-b02b-3acd40f49321,,,,CVE-2014-3669,,,,,,,,,,128.122.4.48,443,2014-10-29T04:00:00.000Z,2020-02-11T11:14:29.000Z,,,,,,"Integer overflow in the object_custom function in ext/standard/var_unserializer.c in PHP before 5.4.34, 5.5.x before 5.5.18, and 5.6.x before 5.6.2 allows remote attackers to cause a denial of service (application crash) or possibly execute arbitrary code via an argument to the unserialize function that triggers calculation of a large length value.",
4f859f61-ba79-5267-abf5-9d4d168c8e59,,,,CVE-2014-9427,,,,,,,,,,128.122.4.48,443,2015-01-02T05:00:00.000Z,2020-02-11T11:14:29.000Z,,,,,,"sapi/cgi/cgi_main.c in the CGI component in PHP through 5.4.36, 5.5.x through 5.5.20, and 5.6.x through 5.6.4, when mmap is used to read a .php file, does not properly consider the mapping's length during processing of an invalid file that begins with a # character and lacks a newline character, which causes an out-of-bounds read and might (1) allow remote attackers to obtain sensitive information from php-cgi process memory by leveraging the ability to upload a .php file or (2) trigger unexpected code execution if a valid PHP script is present in memory locations adjacent to the mapping.",
d1005cfa-57c7-5985-8c59-256bce5ed929,,,,CVE-2014-3515,,,,,,,,,,128.122.4.48,443,2014-07-09T04:00:00.000Z,2020-02-11T11:14:29.000Z,,,,,,"The SPL component in PHP before 5.4.30 and 5.5.x before 5.5.14 incorrectly anticipates that certain data structures will have the array data type after unserialization, which allows remote attackers to execute arbitrary code via a crafted string that triggers use of a Hashtable destructor, related to ""type confusion"" issues in (1) ArrayObject and (2) SPLObjectStorage.",
315d3ed4-3290-5c76-a368-a3c88222435a,,,,CVE-2014-8626,,,,,,,,,,128.238.63.51,80,2014-11-22T05:00:00.000Z,2020-02-08T22:31:48.966Z,,,,,,"Stack-based buffer overflow in the date_from_ISO8601 function in ext/xmlrpc/libxmlrpc/xmlrpc.c in PHP before 5.2.7 allows remote attackers to cause a denial of service (application crash) or possibly execute arbitrary code by including a timezone field in a date, leading to improper XML-RPC encoding.",
dd306708-6759-5557-8f76-47f009109a8d,,,,CVE-2014-9427,,,,,,,,,,128.238.63.51,80,2015-01-02T05:00:00.000Z,2020-02-08T22:31:48.966Z,,,,,,"sapi/cgi/cgi_main.c in the CGI component in PHP through 5.4.36, 5.5.x through 5.5.20, and 5.6.x through 5.6.4, when mmap is used to read a .php file, does not properly consider the mapping's length during processing of an invalid file that begins with a # character and lacks a newline character, which causes an out-of-bounds read and might (1) allow remote attackers to obtain sensitive information from php-cgi process memory by leveraging the ability to upload a .php file or (2) trigger unexpected code execution if a valid PHP script is present in memory locations adjacent to the mapping.",
e72ec38a-7c0d-549a-a592-970d72e93f93,,,,CVE-2011-3268,,,,,,,,,,128.238.63.51,80,2011-08-25T04:00:00.000Z,2020-02-08T22:31:48.966Z,,,,,,"Buffer overflow in the crypt function in PHP before 5.3.7 allows context-dependent attackers to have an unspecified impact via a long salt argument, a different vulnerability than CVE-2011-2483.",
13d233fa-846d-57e3-8cd7-5c5d1339b8c0,,,,CVE-2014-8626,,,,,,,,,,128.238.63.53,80,2014-11-22T05:00:00.000Z,2020-02-08T17:47:38.398Z,,,,,,"Stack-based buffer overflow in the date_from_ISO8601 function in ext/xmlrpc/libxmlrpc/xmlrpc.c in PHP before 5.2.7 allows remote attackers to cause a denial of service (application crash) or possibly execute arbitrary code by including a timezone field in a date, leading to improper XML-RPC encoding.",
a4dc27fa-8422-5d87-b2fc-816137bbdeb6,,,,CVE-2011-3268,,,,,,,,,,128.238.63.53,80,2011-08-25T04:00:00.000Z,2020-02-08T17:47:38.398Z,,,,,,"Buffer overflow in the crypt function in PHP before 5.3.7 allows context-dependent attackers to have an unspecified impact via a long salt argument, a different vulnerability than CVE-2011-2483.",
dfe325fb-1a30-5753-9366-a0ecba36dc08,,,,CVE-2014-9427,,,,,,,,,,128.238.63.53,80,2015-01-02T05:00:00.000Z,2020-02-08T17:47:38.398Z,,,,,,"sapi/cgi/cgi_main.c in the CGI component in PHP through 5.4.36, 5.5.x through 5.5.20, and 5.6.x through 5.6.4, when mmap is used to read a .php file, does not properly consider the mapping's length during processing of an invalid file that begins with a # character and lacks a newline character, which causes an out-of-bounds read and might (1) allow remote attackers to obtain sensitive information from php-cgi process memory by leveraging the ability to upload a .php file or (2) trigger unexpected code execution if a valid PHP script is present in memory locations adjacent to the mapping.",
4c5ffa87-a014-5a69-8415-d6e8f360a220,,,,CVE-2014-3669,,,,,,,,,,128.122.130.129,80,2014-10-29T04:00:00.000Z,2020-02-06T21:32:14.000Z,,,,,,"Integer overflow in the object_custom function in ext/standard/var_unserializer.c in PHP before 5.4.34, 5.5.x before 5.5.18, and 5.6.x before 5.6.2 allows remote attackers to cause a denial of service (application crash) or possibly execute arbitrary code via an argument to the unserialize function that triggers calculation of a large length value.",
91a0abbd-58e9-5af9-a063-9dd5145c0468,,,,CVE-2014-9427,,,,,,,,,,128.122.130.129,80,2015-01-02T05:00:00.000Z,2020-02-06T21:32:14.000Z,,,,,,"sapi/cgi/cgi_main.c in the CGI component in PHP through 5.4.36, 5.5.x through 5.5.20, and 5.6.x through 5.6.4, when mmap is used to read a .php file, does not properly consider the mapping's length during processing of an invalid file that begins with a # character and lacks a newline character, which causes an out-of-bounds read and might (1) allow remote attackers to obtain sensitive information from php-cgi process memory by leveraging the ability to upload a .php file or (2) trigger unexpected code execution if a valid PHP script is present in memory locations adjacent to the mapping.",
be8f39ee-5fe2-5df4-9e21-499c2425f861,,,,CVE-2014-3515,,,,,,,,,,128.122.130.129,80,2014-07-09T04:00:00.000Z,2020-02-06T21:32:14.000Z,,,,,,"The SPL component in PHP before 5.4.30 and 5.5.x before 5.5.14 incorrectly anticipates that certain data structures will have the array data type after unserialization, which allows remote attackers to execute arbitrary code via a crafted string that triggers use of a Hashtable destructor, related to ""type confusion"" issues in (1) ArrayObject and (2) SPLObjectStorage.",